objective,rho,cr,score_delta,entropy_diff,critic_diff,merec_diff,lopcow_diff,mean_diff,bayes_diff,seed
0.0959767869,1.0000000000,0.0000000000,0.3197704646,0.0959767869,0.1055109199,0.0987018775,0.1250480883,0.1114144958,0.1543753914,875149228
