cost,emissions,reliability,social
0.1825006941,0.2201882807,0.1343138655,0.4629971597
