cost,emissions,reliability,social
0.3952258412,0.2094876507,0.1993236144,0.1959628938
