cost,emissions,reliability,social
0.1825900784,0.3796869469,0.2409142534,0.1968087214
