{
  "seed": 230935579,
  "objective": 0.012631944679469403,
  "rho": 1.0,
  "cr": 0.0,
  "score_delta": 12756015.153360311,
  "entropy_diff": 0.09597678692397074,
  "critic_diff": 0.10551091993459537,
  "merec_diff": 0.08957240043152057,
  "lopcow_diff": 0.16417787276209853,
  "mean_diff": 0.11338535119489154,
  "bayes_diff": 0.012631944679469403,
  "w_cost": 0.46142904478926233,
  "w_emissions": 0.2335951931319948,
  "w_reliability": 0.17460360732566876,
  "w_social": 0.13037215475307404
}