objective,rho,cr,score_delta,entropy_diff,critic_diff,merec_diff,lopcow_diff,mean_diff,bayes_diff,seed
0.0126319447,1.0000000000,0.0000000000,12756015.1533603109,0.0959767869,0.1055109199,0.0895724004,0.1641778728,0.1133853512,0.0126319447,230935579
