cost,emissions,reliability,social
0.4614290448,0.2335951931,0.1746036073,0.1303721548
