objective,rho,cr,score_delta,entropy_diff,critic_diff,merec_diff,lopcow_diff,mean_diff,bayes_diff,seed
0.1054840664,1.0000000000,0.0000000000,0.4507934826,0.1029898219,0.1054840664,0.1056388147,0.1058488402,0.1071428571,0.1490296176,330196333
