cost,emissions,reliability,social
0.1685315247,0.3443426813,0.1568471166,0.3302786774
