objective,rho,cr,score_delta,entropy_diff,critic_diff,merec_diff,lopcow_diff,mean_diff,bayes_diff,seed
0.0390511504,1.0000000000,0.0000000000,10219653.8489605673,0.1150326912,0.1175247858,0.1176791732,0.1654742022,0.1071428571,0.0390511504,982738393
