cost,emissions,reliability,social
0.4629525383,0.1444507615,0.1928108500,0.1997858501
