cost,emissions,reliability,social
0.4629550672,0.2344072090,0.1254111557,0.1772265682
