objective,rho,cr,score_delta,entropy_diff,critic_diff,merec_diff,lopcow_diff,mean_diff,bayes_diff,seed
0.0175390718,0.8750000000,0.0000000000,29436712.9808114171,0.0960011099,0.1054840664,0.0895493938,0.1654754666,0.1158658507,0.0175390718,433618652
