objective,rho,cr,score_delta,entropy_diff,critic_diff,merec_diff,lopcow_diff,mean_diff,bayes_diff,seed
0.1055109199,1.0000000000,0.0000000000,0.6591457746,0.1029506453,0.1055109199,0.1056757396,0.0636641805,0.1071428571,0.1471328710,986556305
