cost,emissions,reliability,social
0.1685529699,0.2741123938,0.2563990775,0.3009355588
