{
  "seed": 986556305,
  "objective": 0.10551091993459537,
  "rho": 1.0,
  "cr": 0.0,
  "score_delta": 0.6591457746162561,
  "entropy_diff": 0.10295064528827824,
  "critic_diff": 0.10551091993459537,
  "merec_diff": 0.10567573960912482,
  "lopcow_diff": 0.06366418050516143,
  "mean_diff": 0.1071428571428571,
  "bayes_diff": 0.14713287102869893,
  "w_cost": 0.1685529699064936,
  "w_emissions": 0.27411239378667707,
  "w_reliability": 0.2563990775280068,
  "w_social": 0.30093555877882244
}