objective,rho,cr,score_delta,entropy_diff,critic_diff,merec_diff,lopcow_diff,mean_diff,bayes_diff,seed
0.0895724004,1.0000000000,0.0000000000,0.5253422390,0.0959767869,0.1055109199,0.0895724004,0.1224819162,0.1071428571,0.0984473648,141121216
