cost,emissions,reliability,social
0.2754774526,0.2684630743,0.3113665665,0.1446929067
