objective,rho,cr,score_delta,entropy_diff,critic_diff,merec_diff,lopcow_diff,mean_diff,bayes_diff,seed
0.1054840664,1.0000000000,0.0000000000,0.4472660189,0.1029864058,0.1054840664,0.1056353986,0.0727726967,0.1071428571,0.1485539112,723322635
