{
  "seed": 723322635,
  "objective": 0.10548406644063038,
  "rho": 1.0,
  "cr": 0.0,
  "score_delta": 0.44726601885176154,
  "entropy_diff": 0.10298640580015908,
  "critic_diff": 0.10548406644063038,
  "merec_diff": 0.10563539862037874,
  "lopcow_diff": 0.07277269669828111,
  "mean_diff": 0.10714285714285712,
  "bayes_diff": 0.14855391119691458,
  "w_cost": 0.16853835680510892,
  "w_emissions": 0.21985546048711263,
  "w_reliability": 0.3090918240829147,
  "w_social": 0.30251435862486376
}