cost,emissions,reliability,social
0.1685383568,0.2198554605,0.3090918241,0.3025143586
