cost,emissions,reliability,social
0.1832027501,0.2733673707,0.2570305677,0.2863993115
