{
  "seed": 332615124,
  "objective": 0.09597678692397071,
  "rho": 1.0,
  "cr": 2.220446049250313e-16,
  "score_delta": 0.623778642077608,
  "entropy_diff": 0.09597678692397071,
  "critic_diff": 0.10551091993459535,
  "merec_diff": 0.09835084949287491,
  "lopcow_diff": 0.06366418050516141,
  "mean_diff": 0.1071428571428571,
  "bayes_diff": 0.139807980912449,
  "w_cost": 0.18320275013899343,
  "w_emissions": 0.2733673707055732,
  "w_reliability": 0.2570305676580539,
  "w_social": 0.28639931149737935
}