cost,emissions,reliability,social
0.1825007092,0.4166806282,0.2128095842,0.1880090784
