cost,emissions,reliability,social
0.4196187116,0.1890655085,0.1670918575,0.2242239224
