objective,rho,cr,score_delta,entropy_diff,critic_diff,merec_diff,lopcow_diff,mean_diff,bayes_diff,seed
0.0959767869,1.0000000000,0.0000000000,9956750.5212294087,0.0959767869,0.1055109199,0.0954194472,0.1432727061,0.1071428571,0.0383125620,596822366
