Alternative,fuzzy_topsis_score,fuzzy_topsis_rank,vikor_score,vikor_rank,copras_score,copras_rank,moora_score,moora_rank
C2,0.8807266784,1.0000000000,0.1194810047,1.0000000000,1.0717963790,1.0000000000,-0.0723201326,1.0000000000
C3,0.4371747892,2.0000000000,0.1732264558,2.0000000000,0.4904132728,2.0000000000,-0.2819247678,2.0000000000
C1,0.0927913866,3.0000000000,1.0000000000,3.0000000000,0.3678929544,3.0000000000,-0.4436203590,3.0000000000
