cost,emissions,reliability,social
0.1685310808,0.4017669079,0.2198948975,0.2098071138
