objective,rho,cr,score_delta,entropy_diff,critic_diff,merec_diff,lopcow_diff,mean_diff,bayes_diff,seed
0.1054840664,1.0000000000,0.0000000000,0.3909525052,0.1029900438,0.1054840664,0.1056390366,0.0995504602,0.1071428571,0.1472087483,301512089
