cost,emissions,reliability,social
0.3096613091,0.5200124293,0.0827240787,0.0876021830
