cost,emissions,reliability,social
0.3671911882,0.2524387505,0.3803700613,0.0000000000
