{
  "seed": 157835723,
  "objective": 0.0,
  "rho": 1.0,
  "cr": 0.0,
  "w_cost": 0.3671911882262117,
  "w_emissions": 0.25243875049019787,
  "w_reliability": 0.38037006128359047,
  "w_social": 0.0
}