objective,rho,cr,score_delta,entropy_diff,critic_diff,merec_diff,lopcow_diff,mean_diff,bayes_diff,seed
0.0269212903,0.8750000000,0.0000000000,17013231.6637166105,0.1058488795,0.1127408930,0.0964705341,0.1842827197,0.1256147633,0.0269212903,437396643
