{
  "seed": 437396643,
  "objective": 0.026921290258200354,
  "rho": 0.875,
  "cr": 1.1102230246251565e-16,
  "score_delta": 17013231.66371661,
  "entropy_diff": 0.1058488794945238,
  "critic_diff": 0.1127408930368598,
  "merec_diff": 0.09647053413554435,
  "lopcow_diff": 0.1842827196522949,
  "mean_diff": 0.12561476333858013,
  "bayes_diff": 0.026921290258200354,
  "w_cost": 0.46238244171668347,
  "w_emissions": 0.27633321260316906,
  "w_reliability": 0.15537101521445051,
  "w_social": 0.10591333046569683
}