cost,emissions,reliability,social
0.4623824417,0.2763332126,0.1553710152,0.1059133305
