cost,emissions,reliability,social
0.1908290828,0.2548675676,0.2681831696,0.2861201801
