{
  "seed": 931394221,
  "objective": 0.09596351577720202,
  "rho": 1.0,
  "cr": 0.0,
  "score_delta": 0.40148924786484186,
  "entropy_diff": 0.09596351577720202,
  "critic_diff": 0.10548406644063035,
  "merec_diff": 0.0944900356427517,
  "lopcow_diff": 0.06310395974274291,
  "mean_diff": 0.1071428571428571,
  "bayes_diff": 0.1360597473354709,
  "w_cost": 0.19082908276036295,
  "w_emissions": 0.2548675675517667,
  "w_reliability": 0.26818316963257527,
  "w_social": 0.286120180055295
}