cost,emissions,reliability,social
0.1825950369,0.2256194795,0.2181083774,0.3736771062
