cost,emissions,reliability,social
0.2940258646,0.3786641878,0.0621128326,0.2651971150
