{
  "seed": 623843591,
  "objective": 0.0,
  "rho": 1.0,
  "cr": 0.0,
  "w_cost": 0.2940258646431229,
  "w_emissions": 0.37866418775071015,
  "w_reliability": 0.0621128326444583,
  "w_social": 0.26519711496170856
}