cost,emissions,reliability,social
0.0282569426,0.2349743733,0.6696094587,0.0671592254
