cost,emissions,reliability,social
0.1685043288,0.2401082684,0.1337325930,0.4576548098
