objective,rho,cr,score_delta,entropy_diff,critic_diff,merec_diff,lopcow_diff,mean_diff,bayes_diff,seed
0.1055109199,1.0000000000,0.0000000000,0.3828028869,0.1029749658,0.1055109199,0.1057000601,0.1168944070,0.1117051321,0.1605130346,336630527
