{
  "seed": 461877230,
  "objective": 0.030262097778879803,
  "rho": 1.0,
  "cr": 0.0,
  "score_delta": 0.13121141156999286,
  "entropy_diff": 0.10450042671487622,
  "critic_diff": 0.10699252130882196,
  "merec_diff": 0.10714690872534907,
  "lopcow_diff": 0.16547167893316767,
  "mean_diff": 0.10714285714285715,
  "bayes_diff": 0.030262097778879803,
  "w_cost": 0.46294749177759076,
  "w_emissions": 0.16551529044289673,
  "w_reliability": 0.22101349472717524,
  "w_social": 0.15052372305233738
}