objective,rho,cr,score_delta,entropy_diff,critic_diff,merec_diff,lopcow_diff,mean_diff,bayes_diff,seed
0.0302620978,1.0000000000,0.0000000000,0.1312114116,0.1045004267,0.1069925213,0.1071469087,0.1654716789,0.1071428571,0.0302620978,461877230
