cost,emissions,reliability,social
0.4629474918,0.1655152904,0.2210134947,0.1505237231
