{
  "seed": 742692566,
  "objective": 0.10548406644063034,
  "rho": 1.0,
  "cr": 1.1102230246251565e-16,
  "score_delta": 0.47513494785760946,
  "entropy_diff": 0.10298277914716734,
  "critic_diff": 0.10548406644063034,
  "merec_diff": 0.10563177196738699,
  "lopcow_diff": 0.0925210856907182,
  "mean_diff": 0.1071428571428571,
  "bayes_diff": 0.14720148366010619,
  "w_cost": 0.16854561011109234,
  "w_emissions": 0.28441544681826125,
  "w_reliability": 0.18350262562167055,
  "w_social": 0.36353631744897574
}