cost,emissions,reliability,social
0.1685456101,0.2844154468,0.1835026256,0.3635363174
