objective,rho,cr,score_delta,entropy_diff,critic_diff,merec_diff,lopcow_diff,mean_diff,bayes_diff,seed
0.1055109199,1.0000000000,0.0000000000,0.5383420793,0.1028963243,0.1055109199,0.1056214186,0.1566234500,0.1141753347,0.1629045957,775368272
