cost,emissions,reliability,social
0.1686616118,0.5147355033,0.1287921877,0.1878106972
