objective,rho,cr,score_delta,entropy_diff,critic_diff,merec_diff,lopcow_diff,mean_diff,bayes_diff,seed
0.1054840664,1.0000000000,0.0000000000,0.5173659534,0.1029452428,0.1054840664,0.1055942356,0.1147550366,0.1090540667,0.1578912349,558317196
