{
  "seed": 558317196,
  "objective": 0.10548406644063033,
  "rho": 1.0,
  "cr": 1.1102230246251565e-16,
  "score_delta": 0.5173659533610713,
  "entropy_diff": 0.10294524275457068,
  "critic_diff": 0.10548406644063033,
  "merec_diff": 0.10559423557479032,
  "lopcow_diff": 0.11475503658585351,
  "mean_diff": 0.10905406665572856,
  "bayes_diff": 0.15789123493651736,
  "w_cost": 0.16862068289628565,
  "w_emissions": 0.28132571033800496,
  "w_reliability": 0.1390347238313999,
  "w_social": 0.4110188829343093
}