cost,emissions,reliability,social
0.4628172465,0.1939438282,0.1930751839,0.1501637414
