objective,rho,cr,score_delta,entropy_diff,critic_diff,merec_diff,lopcow_diff,mean_diff,bayes_diff,seed
0.0163154525,1.0000000000,0.0000000000,7523754.8578353580,0.0959767869,0.1055109199,0.0929802874,0.1648719736,0.1071428571,0.0163154525,278041399
