{
  "seed": 565236106,
  "objective": 0.09596351577720202,
  "rho": 1.0,
  "cr": 1.1102230246251565e-16,
  "score_delta": 0.3603467943324717,
  "entropy_diff": 0.09596351577720202,
  "critic_diff": 0.10548406644063034,
  "merec_diff": 0.09853389772525073,
  "lopcow_diff": 0.13447363658277472,
  "mean_diff": 0.10714285714285711,
  "bayes_diff": 0.14208758681879113,
  "w_cost": 0.18274135859536492,
  "w_emissions": 0.4574029828796288,
  "w_reliability": 0.15652134436777312,
  "w_social": 0.20333431415723305
}