cost,emissions,reliability,social
0.1827413586,0.4574029829,0.1565213444,0.2033343142
