cost,emissions,reliability,social
0.3377262657,0.2547529532,0.2937003270,0.1138204541
