objective,rho,cr,score_delta,entropy_diff,critic_diff,merec_diff,lopcow_diff,mean_diff,bayes_diff,seed
0.0077284157,1.0000000000,0.0000000000,14456090.1191474050,0.0959767869,0.1055109199,0.0895724004,0.1650604476,0.1091766558,0.0077284157,662723778
