cost,emissions,reliability,social
0.4631941944,0.2278829846,0.1701332755,0.1387895455
