objective,rho,cr,score_delta,entropy_diff,critic_diff,merec_diff,lopcow_diff,mean_diff,bayes_diff,seed
0.0221499877,0.8750000000,0.0000000000,18714886.9391994029,0.0959767869,0.1055109199,0.0980888626,0.1648726160,0.1071428571,0.0221499877,964923716
