cost,emissions,reliability,social
0.4628185313,0.1837266778,0.1549084387,0.1985463523
