cost,emissions,reliability,social
0.0397828296,0.3836197382,0.3702122892,0.2063851430
