cost,emissions,reliability,social
0.1825959525,0.2152492994,0.1631307422,0.4390240058
