cost,emissions,reliability,social
0.1825904359,0.3214176261,0.2137339041,0.2822580340
