objective,rho,cr,score_delta,entropy_diff,critic_diff,merec_diff,lopcow_diff,mean_diff,bayes_diff,seed
0.0959635158,1.0000000000,0.0000000000,0.3919410908,0.0959635158,0.1054840664,0.0986093591,0.0774054465,0.1071428571,0.1401790708,436717389
