cost,emissions,reliability,social
0.1685099000,0.2430720567,0.3603233780,0.2280946653
