objective,rho,cr,score_delta,entropy_diff,critic_diff,merec_diff,lopcow_diff,mean_diff,bayes_diff,seed
0.1055109199,1.0000000000,0.0000000000,0.8622378719,0.1029721802,0.1055109199,0.1056972746,0.0807810368,0.1071428571,0.1471544060,315047630
