{
  "seed": 315047630,
  "objective": 0.1055109199345954,
  "rho": 1.0,
  "cr": 1.1102230246251565e-16,
  "score_delta": 0.8622378719389557,
  "entropy_diff": 0.10297218024549826,
  "critic_diff": 0.1055109199345954,
  "merec_diff": 0.10569727456634485,
  "lopcow_diff": 0.08078103682795501,
  "mean_diff": 0.10714285714285712,
  "bayes_diff": 0.14715440598591895,
  "w_cost": 0.16850989999205362,
  "w_emissions": 0.2430720566933817,
  "w_reliability": 0.36032337798419817,
  "w_social": 0.22809466533036651
}