objective,rho,cr,score_delta,entropy_diff,critic_diff,merec_diff,lopcow_diff,mean_diff,bayes_diff,seed
0.1055109199,1.0000000000,0.0000000000,0.8422492084,0.1029705062,0.1055109199,0.1056956005,0.0923813351,0.1071428571,0.1471527319,675831337
