cost,emissions,reliability,social
0.1685132481,0.2700998826,0.3564928006,0.2048940687
