{
  "seed": 122174307,
  "objective": 0.09597678692397074,
  "rho": 1.0,
  "cr": 0.0,
  "score_delta": 0.691951081229286,
  "entropy_diff": 0.09597678692397074,
  "critic_diff": 0.10551091993459538,
  "merec_diff": 0.09707194102809229,
  "lopcow_diff": 0.07476797980956383,
  "mean_diff": 0.10714285714285712,
  "bayes_diff": 0.1385290724476664,
  "w_cost": 0.1857605670685587,
  "w_emissions": 0.27849024007919354,
  "w_reliability": 0.29562841348509883,
  "w_social": 0.24012077936714887
}