objective,rho,cr,score_delta,entropy_diff,critic_diff,merec_diff,lopcow_diff,mean_diff,bayes_diff,seed
0.0959767869,1.0000000000,0.0000000000,0.6919510812,0.0959767869,0.1055109199,0.0970719410,0.0747679798,0.1071428571,0.1385290724,122174307
