cost,emissions,reliability,social
0.1857605671,0.2784902401,0.2956284135,0.2401207794
