{
  "seed": 813858223,
  "objective": 0.10551091993459538,
  "rho": 1.0,
  "cr": 0.0,
  "score_delta": 0.8131803950907558,
  "entropy_diff": 0.10285601624559115,
  "critic_diff": 0.10551091993459538,
  "merec_diff": 0.10558111056643775,
  "lopcow_diff": 0.0935764284047687,
  "mean_diff": 0.10714285714285712,
  "bayes_diff": 0.14703824198601187,
  "w_cost": 0.1687422279918678,
  "w_emissions": 0.2853481946424987,
  "w_reliability": 0.3434056951888943,
  "w_social": 0.20250388217673915
}