cost,emissions,reliability,social
0.1687422280,0.2853481946,0.3434056952,0.2025038822
