objective,rho,cr,score_delta,entropy_diff,critic_diff,merec_diff,lopcow_diff,mean_diff,bayes_diff,seed
0.1055109199,1.0000000000,0.0000000000,0.8131803951,0.1028560162,0.1055109199,0.1055811106,0.0935764284,0.1071428571,0.1470382420,813858223
