cost,emissions,reliability,social
0.2148191452,0.0579004622,0.3825322611,0.3447481315
