{
  "seed": 518441736,
  "objective": 0.0,
  "rho": 1.0,
  "cr": 0.0,
  "w_cost": 0.21481914523441842,
  "w_emissions": 0.05790046215573837,
  "w_reliability": 0.3825322611383827,
  "w_social": 0.3447481314714606
}