cost,emissions,reliability,social
0.4627905799,0.2429586351,0.1775925120,0.1166582731
