objective,rho,cr,score_delta,entropy_diff,critic_diff,merec_diff,lopcow_diff,mean_diff,bayes_diff,seed
0.0188081180,1.0000000000,0.0000000000,11971928.2855788749,0.1004764082,0.1073684217,0.0910980628,0.1677995000,0.1202422920,0.0188081180,107749915
