{
  "seed": 107749915,
  "objective": 0.01880811797284001,
  "rho": 1.0,
  "cr": 0.0,
  "score_delta": 11971928.285578875,
  "entropy_diff": 0.10047640819669297,
  "critic_diff": 0.10736842173902897,
  "merec_diff": 0.09109806283771352,
  "lopcow_diff": 0.1677994999663741,
  "mean_diff": 0.1202422920407493,
  "bayes_diff": 0.01880811797284001,
  "w_cost": 0.4627905798942366,
  "w_emissions": 0.24295863505377438,
  "w_reliability": 0.17759251199063042,
  "w_social": 0.11665827306135856
}