objective,rho,cr,score_delta,entropy_diff,critic_diff,merec_diff,lopcow_diff,mean_diff,bayes_diff,seed
0.1054840664,1.0000000000,0.0000000000,0.4079813207,0.1025024398,0.1054840664,0.1051514326,0.1219398381,0.1072782396,0.1524324859,642566260
