cost,emissions,reliability,social
0.1695062889,0.3427637529,0.3451435803,0.1425863779
