{
  "seed": 642566260,
  "objective": 0.10548406644063034,
  "rho": 1.0,
  "cr": 1.1102230246251565e-16,
  "score_delta": 0.40798132068967163,
  "entropy_diff": 0.10250243977303289,
  "critic_diff": 0.10548406644063034,
  "merec_diff": 0.10515143259325255,
  "lopcow_diff": 0.12193983813221708,
  "mean_diff": 0.10727823961717839,
  "bayes_diff": 0.15243248590398845,
  "w_cost": 0.16950628885936123,
  "w_emissions": 0.342763752930139,
  "w_reliability": 0.3451435803019994,
  "w_social": 0.14258637790850026
}