cost,emissions,reliability,social
0.0205722788,0.0688369668,0.3746221898,0.5359685646
