{
  "seed": 138402552,
  "objective": 0.10551091993459537,
  "rho": 1.0,
  "cr": 1.1102230246251565e-16,
  "score_delta": 0.8141191918480503,
  "entropy_diff": 0.10292578797884865,
  "critic_diff": 0.10551091993459537,
  "merec_diff": 0.11394279276454883,
  "lopcow_diff": 0.09011474779606449,
  "mean_diff": 0.1071428571428571,
  "bayes_diff": 0.16626543917845782,
  "w_cost": 0.1686026845253528,
  "w_emissions": 0.18417578116839137,
  "w_reliability": 0.3156322836416183,
  "w_social": 0.3315892506646374
}