objective,rho,cr,score_delta,entropy_diff,critic_diff,merec_diff,lopcow_diff,mean_diff,bayes_diff,seed
0.1055109199,1.0000000000,0.0000000000,0.8141191918,0.1029257880,0.1055109199,0.1139427928,0.0901147478,0.1071428571,0.1662654392,138402552
