cost,emissions,reliability,social
0.1686026845,0.1841757812,0.3156322836,0.3315892507
