cost,emissions,reliability,social
0.1825864079,0.3774026671,0.1258225115,0.3141884135
