objective,rho,cr,score_delta,entropy_diff,critic_diff,merec_diff,lopcow_diff,mean_diff,bayes_diff,seed
0.0959635158,1.0000000000,0.0000000000,0.4208584617,0.0959635158,0.1054840664,0.0986113731,0.1213611427,0.1156601728,0.1575144786,723416511
