cost,emissions,reliability,social
0.0398724740,0.4401539040,0.1749034864,0.3450701355
