{
  "seed": 16154028,
  "objective": 0.0,
  "rho": 1.0,
  "cr": 0.0,
  "w_cost": 0.03987247401065489,
  "w_emissions": 0.44015390401637855,
  "w_reliability": 0.17490348643375708,
  "w_social": 0.34507013553920945
}