objective,rho,cr,score_delta,entropy_diff,critic_diff,merec_diff,lopcow_diff,mean_diff,bayes_diff,seed
0.0174358943,0.8750000000,0.0000000000,41666666.8106506020,0.0959635158,0.1054840664,0.0895493938,0.1745881800,0.1101867142,0.0174358943,958011973
