cost,emissions,reliability,social
0.4631221146,0.2572513137,0.1404619180,0.1391646537
