{
  "seed": 958011973,
  "objective": 0.017435894307081666,
  "rho": 0.875,
  "cr": 0.0,
  "score_delta": 41666666.8106506,
  "entropy_diff": 0.09596351577720205,
  "critic_diff": 0.10548406644063035,
  "merec_diff": 0.08954939378098156,
  "lopcow_diff": 0.17458817999538484,
  "mean_diff": 0.11018671415010703,
  "bayes_diff": 0.017435894307081666,
  "w_cost": 0.4631221146309547,
  "w_emissions": 0.25725131366925935,
  "w_reliability": 0.14046191802238325,
  "w_social": 0.1391646536774027
}