cost,emissions,reliability,social
0.1826272530,0.2125156156,0.3466974313,0.2581597001
