{
  "seed": 926876284,
  "objective": 0.09597678692397073,
  "rho": 1.0,
  "cr": 2.220446049250313e-16,
  "score_delta": 0.8168727337895806,
  "entropy_diff": 0.09597678692397073,
  "critic_diff": 0.10551091993459535,
  "merec_diff": 0.09863859804997423,
  "lopcow_diff": 0.07802916950987938,
  "mean_diff": 0.1071428571428571,
  "bayes_diff": 0.14508323771065373,
  "w_cost": 0.1826272530247948,
  "w_emissions": 0.2125156156045576,
  "w_reliability": 0.34669743125848984,
  "w_social": 0.25815970011215766
}