objective,rho,cr,score_delta,entropy_diff,critic_diff,merec_diff,lopcow_diff,mean_diff,bayes_diff,seed
0.0959767869,1.0000000000,0.0000000000,0.8168727338,0.0959767869,0.1055109199,0.0986385980,0.0780291695,0.1071428571,0.1450832377,926876284
