cost,emissions,reliability,social
0.4288016579,0.1139339763,0.1356836114,0.3215807544
