cost,emissions,reliability,social
0.2950917514,0.1423507484,0.1873871816,0.3751703186
