{
  "seed": 391957894,
  "objective": 0.0,
  "rho": 1.0,
  "cr": 0.0,
  "w_cost": 0.29509175137395044,
  "w_emissions": 0.14235074838768963,
  "w_reliability": 0.18738718164686627,
  "w_social": 0.3751703185914936
}