cost,emissions,reliability,social
0.2843908027,0.3865207122,0.2051478254,0.1239406598
