objective,rho,cr,score_delta,entropy_diff,critic_diff,merec_diff,lopcow_diff,mean_diff,bayes_diff,seed
0.0895724004,1.0000000000,0.0000000000,0.3621665994,0.0968352148,0.1055109199,0.0895724004,0.1503806499,0.1166010987,0.1043668132,636954316
