{
  "seed": 236455439,
  "objective": 0.01743636890933347,
  "rho": 0.875,
  "cr": 0.0,
  "score_delta": 29513423.801130634,
  "entropy_diff": 0.09913184557102978,
  "critic_diff": 0.1061594360588285,
  "merec_diff": 0.09006998615946303,
  "lopcow_diff": 0.17090822895663002,
  "mean_diff": 0.11899658643477536,
  "bayes_diff": 0.01743636890933347,
  "w_cost": 0.4629352164838651,
  "w_emissions": 0.2500783097388393,
  "w_reliability": 0.16783678950398914,
  "w_social": 0.11914968427330644
}