cost,emissions,reliability,social
0.4629352165,0.2500783097,0.1678367895,0.1191496843
