objective,rho,cr,score_delta,entropy_diff,critic_diff,merec_diff,lopcow_diff,mean_diff,bayes_diff,seed
0.0174363689,0.8750000000,0.0000000000,29513423.8011306338,0.0991318456,0.1061594361,0.0900699862,0.1709082290,0.1189965864,0.0174363689,236455439
