objective,rho,cr,score_delta,entropy_diff,critic_diff,merec_diff,lopcow_diff,mean_diff,bayes_diff,seed
0.0326044071,1.0000000000,0.0000000000,6439732.9840989271,0.1085887079,0.1111228534,0.1113112925,0.1648795245,0.1071428571,0.0326044071,681654051
