cost,emissions,reliability,social
0.4628323482,0.1572818180,0.1972696680,0.1826161658
