cost,emissions,reliability,social
0.2690869297,0.0522067757,0.3875244127,0.2911818819
