{
  "seed": 934776617,
  "objective": 0.0,
  "rho": 1.0,
  "cr": 0.0,
  "w_cost": 0.26908692967483694,
  "w_emissions": 0.052206775683710155,
  "w_reliability": 0.3875244127131329,
  "w_social": 0.29118188192832
}