objective,rho,cr,score_delta,entropy_diff,critic_diff,merec_diff,lopcow_diff,mean_diff,bayes_diff,seed
0.0136342092,0.8750000000,0.0000000000,24750856.8026641607,0.0959635158,0.1054840664,0.0915697928,0.1655335465,0.1071428571,0.0136342092,786064305
