cost,emissions,reliability,social
0.4630712270,0.1966695223,0.1591044207,0.1811548301
