{
  "seed": 786064305,
  "objective": 0.013634209241319355,
  "rho": 0.875,
  "cr": 0.0,
  "score_delta": 24750856.80266416,
  "entropy_diff": 0.09596351577720205,
  "critic_diff": 0.10548406644063037,
  "merec_diff": 0.09156979281152569,
  "lopcow_diff": 0.16553354653857644,
  "mean_diff": 0.10714285714285712,
  "bayes_diff": 0.013634209241319355,
  "w_cost": 0.46307122698840825,
  "w_emissions": 0.19666952227054343,
  "w_reliability": 0.15910442067097938,
  "w_social": 0.18115483007006894
}