objective,rho,cr,score_delta,entropy_diff,critic_diff,merec_diff,lopcow_diff,mean_diff,bayes_diff,seed
0.0166584676,0.8750000000,0.0000000000,30701221.6545331664,0.0959767869,0.1055109199,0.0895724004,0.1723574914,0.1150077566,0.0166584676,379451842
