cost,emissions,reliability,social
0.4628376317,0.2520275661,0.1271273439,0.1580074583
