cost,emissions,reliability,social
0.4629479465,0.1719165135,0.2314088230,0.1337267170
