objective,rho,cr,score_delta,entropy_diff,critic_diff,merec_diff,lopcow_diff,mean_diff,bayes_diff,seed
0.0354597619,1.0000000000,0.0000000000,0.1282440263,0.1012998152,0.1054840664,0.1039462972,0.1654719063,0.1117080701,0.0354597619,832736746
