cost,emissions,reliability,social
0.1685353361,0.4261462277,0.2279760882,0.1773423479
