objective,rho,cr,score_delta,entropy_diff,critic_diff,merec_diff,lopcow_diff,mean_diff,bayes_diff,seed
0.1054840664,1.0000000000,0.0000000000,0.3999409064,0.1029879161,0.1054840664,0.1056369090,0.1117422478,0.1071428571,0.1472066206,208264757
