objective,rho,cr,score_delta,entropy_diff,critic_diff,merec_diff,lopcow_diff,mean_diff,bayes_diff,seed
0.1054840664,1.0000000000,0.0000000000,0.4008241142,0.1029015879,0.1054840664,0.1055505807,0.1206386112,0.1071428571,0.1515304071,427903213
