cost,emissions,reliability,social
0.1687079926,0.2554093740,0.4306938015,0.1451888318
