{
  "seed": 427903213,
  "objective": 0.10548406644063034,
  "rho": 1.0,
  "cr": 1.1102230246251565e-16,
  "score_delta": 0.40082411421965414,
  "entropy_diff": 0.10290158788778944,
  "critic_diff": 0.10548406644063034,
  "merec_diff": 0.1055505807080091,
  "lopcow_diff": 0.12063861116541047,
  "mean_diff": 0.1071428571428571,
  "bayes_diff": 0.1515304070519384,
  "w_cost": 0.16870799262984812,
  "w_emissions": 0.2554093739933004,
  "w_reliability": 0.4306938015347379,
  "w_social": 0.14518883184211348
}