{
  "seed": 664313540,
  "objective": 0.10548406644063033,
  "rho": 1.0,
  "cr": 2.220446049250313e-16,
  "score_delta": 0.4036852281058414,
  "entropy_diff": 0.10311364601041227,
  "critic_diff": 0.10548406644063033,
  "merec_diff": 0.1055932942543226,
  "lopcow_diff": 0.16656969480068698,
  "mean_diff": 0.11599760121725688,
  "bayes_diff": 0.16159370916513704,
  "w_cost": 0.1686225655372211,
  "w_emissions": 0.5357138923735971,
  "w_reliability": 0.17051588738083837,
  "w_social": 0.12514765470834324
}