objective,rho,cr,score_delta,entropy_diff,critic_diff,merec_diff,lopcow_diff,mean_diff,bayes_diff,seed
0.1054840664,1.0000000000,0.0000000000,0.4036852281,0.1031136460,0.1054840664,0.1055932943,0.1665696948,0.1159976012,0.1615937092,664313540
