cost,emissions,reliability,social
0.1686225655,0.5357138924,0.1705158874,0.1251476547
