cost,emissions,reliability,social
0.2305711470,0.3911160277,0.1919822298,0.1863305954
