cost,emissions,reliability,social
0.1845610048,0.2879888390,0.2423341354,0.2851160208
