objective,rho,cr,score_delta,entropy_diff,critic_diff,merec_diff,lopcow_diff,mean_diff,bayes_diff,seed
0.0959767869,1.0000000000,0.0000000000,0.5848959689,0.0959767869,0.1055109199,0.0976717221,0.0636641805,0.1071428571,0.1391288536,969146824
