{
  "seed": 969146824,
  "objective": 0.09597678692397073,
  "rho": 1.0,
  "cr": 1.1102230246251565e-16,
  "score_delta": 0.5848959688560262,
  "entropy_diff": 0.09597678692397073,
  "critic_diff": 0.10551091993459538,
  "merec_diff": 0.09767172213922909,
  "lopcow_diff": 0.06366418050516143,
  "mean_diff": 0.1071428571428571,
  "bayes_diff": 0.13912885355880317,
  "w_cost": 0.1845610048462851,
  "w_emissions": 0.28798883895827465,
  "w_reliability": 0.24233413540199802,
  "w_social": 0.2851160207934421
}