cost,emissions,reliability,social
0.4629355744,0.2234202751,0.1516386224,0.1620055281
