objective,rho,cr,score_delta,entropy_diff,critic_diff,merec_diff,lopcow_diff,mean_diff,bayes_diff,seed
0.0044318399,0.8750000000,0.0000000000,35532715.6164523438,0.0959635158,0.1054840664,0.0895493938,0.1654657203,0.1071428571,0.0044318399,927795429
