{
  "seed": 927795429,
  "objective": 0.004431839896942576,
  "rho": 0.875,
  "cr": 0.0,
  "score_delta": 35532715.616452344,
  "entropy_diff": 0.09596351577720205,
  "critic_diff": 0.10548406644063035,
  "merec_diff": 0.08954939378098153,
  "lopcow_diff": 0.16546572025828649,
  "mean_diff": 0.1071428571428571,
  "bayes_diff": 0.004431839896942576,
  "w_cost": 0.4629355744278283,
  "w_emissions": 0.22342027512678234,
  "w_reliability": 0.1516386223790069,
  "w_social": 0.1620055280663824
}