cost,emissions,reliability,social
0.2657721649,0.0353095159,0.5362423099,0.1626760093
