{
  "seed": 430793755,
  "objective": 0.007253875744192229,
  "rho": 1.0,
  "cr": 2.220446049250313e-16,
  "score_delta": 14429185.64784123,
  "entropy_diff": 0.09597678692397077,
  "critic_diff": 0.10551091993459544,
  "merec_diff": 0.0895724004315206,
  "lopcow_diff": 0.16487312818166966,
  "mean_diff": 0.1087021158469289,
  "bayes_diff": 0.007253875744192229,
  "w_cost": 0.4628195556284046,
  "w_emissions": 0.227367245696387,
  "w_reliability": 0.17007457322620917,
  "w_social": 0.13973862544899934
}