cost,emissions,reliability,social
0.4628195556,0.2273672457,0.1700745732,0.1397386254
