objective,rho,cr,score_delta,entropy_diff,critic_diff,merec_diff,lopcow_diff,mean_diff,bayes_diff,seed
0.0072538757,1.0000000000,0.0000000000,14429185.6478412300,0.0959767869,0.1055109199,0.0895724004,0.1648731282,0.1087021158,0.0072538757,430793755
