{
  "seed": 105897403,
  "objective": 0.09596351577720204,
  "rho": 1.0,
  "cr": 0.0,
  "score_delta": 0.3745448395172916,
  "entropy_diff": 0.09596351577720204,
  "critic_diff": 0.10548406644063035,
  "merec_diff": 0.098579817738191,
  "lopcow_diff": 0.09965577537447215,
  "mean_diff": 0.10714285714285711,
  "bayes_diff": 0.1401495294309102,
  "w_cost": 0.1826495185694844,
  "w_emissions": 0.38785910048890426,
  "w_reliability": 0.23008043126352226,
  "w_social": 0.19941094967808906
}