cost,emissions,reliability,social
0.1826495186,0.3878591005,0.2300804313,0.1994109497
