{
  "seed": 871782213,
  "objective": 0.09597678692397074,
  "rho": 1.0,
  "cr": 0.0,
  "score_delta": 0.6848681596403096,
  "entropy_diff": 0.09597678692397074,
  "critic_diff": 0.10551091993459538,
  "merec_diff": 0.0969841689596647,
  "lopcow_diff": 0.09736451917390714,
  "mean_diff": 0.10714285714285712,
  "bayes_diff": 0.1384413003792388,
  "w_cost": 0.1859361112054139,
  "w_emissions": 0.31908343299534087,
  "w_reliability": 0.30005275516078295,
  "w_social": 0.19492770063846226
}