cost,emissions,reliability,social
0.1859361112,0.3190834330,0.3000527552,0.1949277006
