cost,emissions,reliability,social
0.4594058409,0.2641703467,0.1162663224,0.1601574899
