{
  "seed": 553103802,
  "objective": 0.02388285664775956,
  "rho": 0.875,
  "cr": 2.220446049250313e-16,
  "score_delta": 36927419.38765243,
  "entropy_diff": 0.1005735264864214,
  "critic_diff": 0.1076011169742201,
  "merec_diff": 0.09151166707485464,
  "lopcow_diff": 0.17618955964964034,
  "mean_diff": 0.12043826735016697,
  "bayes_diff": 0.02388285664775956,
  "w_cost": 0.45940584086267805,
  "w_emissions": 0.26417034674604695,
  "w_reliability": 0.11626632244252315,
  "w_social": 0.16015748994875173
}