objective,rho,cr,score_delta,entropy_diff,critic_diff,merec_diff,lopcow_diff,mean_diff,bayes_diff,seed
0.0238828566,0.8750000000,0.0000000000,36927419.3876524270,0.1005735265,0.1076011170,0.0915116671,0.1761895596,0.1204382674,0.0238828566,553103802
