cost,emissions,reliability,social
0.4629505401,0.2492046274,0.1658309208,0.1220139117
