objective,rho,cr,score_delta,entropy_diff,critic_diff,merec_diff,lopcow_diff,mean_diff,bayes_diff,seed
0.0159975747,0.8750000000,0.0000000000,31195286.0585864522,0.0976997318,0.1054840664,0.0895493938,0.1704790496,0.1175644727,0.0159975747,165970378
