cost,emissions,reliability,social
0.4680851859,0.1962139873,0.1596257676,0.1760750592
