objective,rho,cr,score_delta,entropy_diff,critic_diff,merec_diff,lopcow_diff,mean_diff,bayes_diff,seed
0.0135475781,0.8750000000,0.0000000000,17976994.8169795498,0.0959767869,0.1055109199,0.0918452078,0.1675059433,0.1071428571,0.0135475781,299338959
