{
  "seed": 299338959,
  "objective": 0.01354757807503952,
  "rho": 0.875,
  "cr": 0.0,
  "score_delta": 17976994.81697955,
  "entropy_diff": 0.09597678692397074,
  "critic_diff": 0.10551091993459538,
  "merec_diff": 0.09184520781192795,
  "lopcow_diff": 0.16750594329530466,
  "mean_diff": 0.10714285714285712,
  "bayes_diff": 0.01354757807503952,
  "w_cost": 0.4680851858556746,
  "w_emissions": 0.19621398733728374,
  "w_reliability": 0.159625767611362,
  "w_social": 0.17607505919567962
}