cost,emissions,reliability,social
0.4629591799,0.2500484303,0.1200381665,0.1669542232
