objective,rho,cr,score_delta,entropy_diff,critic_diff,merec_diff,lopcow_diff,mean_diff,bayes_diff,seed
0.0202255663,0.8750000000,0.0000000000,33899077.3342453539,0.0986876044,0.1057151949,0.0896257450,0.1709052710,0.1185523453,0.0202255663,969176377
