{
  "seed": 969176377,
  "objective": 0.020225566317363785,
  "rho": 0.875,
  "cr": 0.0,
  "score_delta": 33899077.334245354,
  "entropy_diff": 0.098687604440339,
  "critic_diff": 0.10571519492813772,
  "merec_diff": 0.08962574502877224,
  "lopcow_diff": 0.1709052709594632,
  "mean_diff": 0.11855234530408457,
  "bayes_diff": 0.020225566317363785,
  "w_cost": 0.46295917989953533,
  "w_emissions": 0.25004843032883545,
  "w_reliability": 0.120038166534688,
  "w_social": 0.1669542232369412
}