cost,emissions,reliability,social
0.4630572561,0.2185165177,0.1654707528,0.1529554734
