cost,emissions,reliability,social
0.1685524836,0.2669447554,0.1245251254,0.4399776356
