objective,rho,cr,score_delta,entropy_diff,critic_diff,merec_diff,lopcow_diff,mean_diff,bayes_diff,seed
0.1054840664,1.0000000000,0.0000000000,0.5407730484,0.1034599516,0.1054840664,0.1056283352,0.1220098358,0.1163088659,0.1651801338,822761613
