cost,emissions,reliability,social
0.1685122697,0.4106508086,0.2923455324,0.1284913892
