{
  "seed": 832497242,
  "objective": 0.10551091993459535,
  "rho": 1.0,
  "cr": 2.220446049250313e-16,
  "score_delta": 0.6751118837023714,
  "entropy_diff": 0.10297099537718118,
  "critic_diff": 0.10551091993459535,
  "merec_diff": 0.10569608969802778,
  "lopcow_diff": 0.13058267487971625,
  "mean_diff": 0.11432573395800655,
  "bayes_diff": 0.16003071497287175,
  "w_cost": 0.16851226972868769,
  "w_emissions": 0.4106508086272809,
  "w_reliability": 0.2923455324171873,
  "w_social": 0.12849138922684394
}