objective,rho,cr,score_delta,entropy_diff,critic_diff,merec_diff,lopcow_diff,mean_diff,bayes_diff,seed
0.1055109199,1.0000000000,0.0000000000,0.6751118837,0.1029709954,0.1055109199,0.1056960897,0.1305826749,0.1143257340,0.1600307150,832497242
