cost,emissions,reliability,social
0.1685325183,0.2063670769,0.4411324026,0.1839680022
