objective,rho,cr,score_delta,entropy_diff,critic_diff,merec_diff,lopcow_diff,mean_diff,bayes_diff,seed
0.1054840664,1.0000000000,0.0000000000,0.3829058712,0.1029893250,0.1054840664,0.1056383179,0.1176619547,0.1071428571,0.1553010222,786064305
