{
  "seed": 786064305,
  "objective": 0.10548406644063034,
  "rho": 1.0,
  "cr": 2.220446049250313e-16,
  "score_delta": 0.3829058712071571,
  "entropy_diff": 0.10298932503485683,
  "critic_diff": 0.10548406644063034,
  "merec_diff": 0.10563831785507649,
  "lopcow_diff": 0.11766195473239456,
  "mean_diff": 0.1071428571428571,
  "bayes_diff": 0.15530102224198614,
  "w_cost": 0.16853251833571337,
  "w_emissions": 0.206367076866365,
  "w_reliability": 0.4411324025579522,
  "w_social": 0.18396800223996929
}