{
  "seed": 363678253,
  "objective": 0.029516053601347493,
  "rho": 0.875,
  "cr": 0.0,
  "score_delta": 16146540.517954884,
  "entropy_diff": 0.10542368520439918,
  "critic_diff": 0.1079157797983449,
  "merec_diff": 0.108070167214872,
  "lopcow_diff": 0.1653983125541248,
  "mean_diff": 0.10714285714285712,
  "bayes_diff": 0.029516053601347493,
  "w_cost": 0.46280075901950496,
  "w_emissions": 0.16366877346385078,
  "w_reliability": 0.1707188806901821,
  "w_social": 0.20281158682646216
}