objective,rho,cr,score_delta,entropy_diff,critic_diff,merec_diff,lopcow_diff,mean_diff,bayes_diff,seed
0.0295160536,0.8750000000,0.0000000000,16146540.5179548841,0.1054236852,0.1079157798,0.1080701672,0.1653983126,0.1071428571,0.0295160536,363678253
