cost,emissions,reliability,social
0.4628007590,0.1636687735,0.1707188807,0.2028115868
