label,robust_spearman,regret_mean,winner_pareto,cr_proxy,stability_win_rate,stability_rank_change,cv_win_rate,cv_rank_change,w_cost,w_emissions,w_reliability,w_social
baseline,1.0000000000,0.4377734737,1.0000000000,0.0000000000,1.0000000000,0.0000000000,1.0000000000,0.0000000000,0.4000000000,0.3000000000,0.2000000000,0.1000000000
best_weights,1.0000000000,0.5309562113,1.0000000000,0.0000000001,1.0000000000,0.0000000000,1.0000000000,0.0000000000,0.0466502123,0.2994158075,0.5230755731,0.1308584070
