cost,emissions,reliability,social
0.0987925520,0.2420137081,0.1497244586,0.5094692813
