objective,rho,cr,score_delta,entropy_diff,critic_diff,merec_diff,lopcow_diff,mean_diff,bayes_diff,seed
0.0959767869,1.0000000000,0.0000000000,0.8690506570,0.0959767869,0.1055109199,0.1057979555,0.0904142142,0.1071428571,0.1581206019,484581653
