cost,emissions,reliability,social
0.2832136063,0.3536877538,0.1497025007,0.2133961392
