cost,emissions,reliability,social
0.1825047483,0.1865633920,0.3715900254,0.2593418343
