Alternative,fuzzy_topsis_score,fuzzy_topsis_rank,vikor_score,vikor_rank,copras_score,copras_rank,moora_score,moora_rank
C2,0.9459380130,1.0000000000,0.0000000000,1.0000000000,1.0634390424,1.0000000000,-0.0210352248,1.0000000000
C3,0.3960877682,2.0000000000,0.4386458229,2.0000000000,0.3239175717,2.0000000000,-0.3151405078,2.0000000000
C1,0.0420587494,3.0000000000,1.0000000000,3.0000000000,0.2404134727,3.0000000000,-0.5104920783,3.0000000000
