cost,emissions,reliability,social
0.1572603263,0.1200701069,0.0384260142,0.6842435525
