cost,emissions,reliability,social
0.1907744242,0.5513730635,0.0514575387,0.2063949736
