{
  "seed": 675602143,
  "objective": 0.0,
  "rho": 1.0,
  "cr": 0.0,
  "w_cost": 0.1907744242254281,
  "w_emissions": 0.5513730635128755,
  "w_reliability": 0.051457538678781466,
  "w_social": 0.2063949735829149
}