{
  "seed": 117437082,
  "objective": 0.02161780806619757,
  "rho": 0.875,
  "cr": 0.0,
  "score_delta": 24489842.241488762,
  "entropy_diff": 0.09597678692397071,
  "critic_diff": 0.10551091993459537,
  "merec_diff": 0.08957240043152057,
  "lopcow_diff": 0.16488612083713824,
  "mean_diff": 0.10950455634550976,
  "bayes_diff": 0.02161780806619757,
  "w_cost": 0.4628455409393417,
  "w_emissions": 0.20156555051449207,
  "w_reliability": 0.13813374445183754,
  "w_social": 0.1974551640943286
}