cost,emissions,reliability,social
0.4628455409,0.2015655505,0.1381337445,0.1974551641
