objective,rho,cr,score_delta,entropy_diff,critic_diff,merec_diff,lopcow_diff,mean_diff,bayes_diff,seed
0.0216178081,0.8750000000,0.0000000000,24489842.2414887622,0.0959767869,0.1055109199,0.0895724004,0.1648861208,0.1095045563,0.0216178081,117437082
