{
  "seed": 906523280,
  "objective": 0.09597678692397074,
  "rho": 1.0,
  "cr": 0.0,
  "score_delta": 0.758644132530166,
  "entropy_diff": 0.09597678692397074,
  "critic_diff": 0.10551091993459538,
  "merec_diff": 0.09866061807448183,
  "lopcow_diff": 0.12878703653010087,
  "mean_diff": 0.11253009560839118,
  "bayes_diff": 0.1511996049997104,
  "w_cost": 0.18258321297577965,
  "w_emissions": 0.34042998266171315,
  "w_reliability": 0.3449041384364324,
  "w_social": 0.13208266592607473
}