cost,emissions,reliability,social
0.1825832130,0.3404299827,0.3449041384,0.1320826659
