objective,rho,cr,score_delta,entropy_diff,critic_diff,merec_diff,lopcow_diff,mean_diff,bayes_diff,seed
0.0959767869,1.0000000000,0.0000000000,0.7586441325,0.0959767869,0.1055109199,0.0986606181,0.1287870365,0.1125300956,0.1511996050,906523280
