cost,emissions,reliability,social
0.1825846790,0.2616145269,0.3992894240,0.1565113701
