objective,rho,cr,score_delta,entropy_diff,critic_diff,merec_diff,lopcow_diff,mean_diff,bayes_diff,seed
0.0243397675,0.8750000000,0.0000000000,18562967.2219474427,0.1060264642,0.1130540547,0.0969646048,0.1706107387,0.1258912051,0.0243397675,449361501
