cost,emissions,reliability,social
0.4629176566,0.2495008891,0.1822210074,0.1053604470
