cost,emissions,reliability,social
0.2630441675,0.2252674123,0.2334345332,0.2782538870
