{
  "seed": 458517706,
  "objective": 0.0,
  "rho": 1.0,
  "cr": 0.0,
  "w_cost": 0.26304416746175524,
  "w_emissions": 0.22526741225632585,
  "w_reliability": 0.23343453324477095,
  "w_social": 0.27825388703714804
}