{
  "seed": 799766508,
  "objective": 0.02062518094810177,
  "rho": 0.875,
  "cr": 0.0,
  "score_delta": 35465702.170904934,
  "entropy_diff": 0.09803878824825529,
  "critic_diff": 0.1055109199345954,
  "merec_diff": 0.08957240043152057,
  "lopcow_diff": 0.1648938946294527,
  "mean_diff": 0.11791893477875524,
  "bayes_diff": 0.02062518094810177,
  "w_cost": 0.4628610885239707,
  "w_emissions": 0.22037956161717465,
  "w_reliability": 0.12130498758534661,
  "w_social": 0.19545436227350807
}