objective,rho,cr,score_delta,entropy_diff,critic_diff,merec_diff,lopcow_diff,mean_diff,bayes_diff,seed
0.0206251809,0.8750000000,0.0000000000,35465702.1709049344,0.0980387882,0.1055109199,0.0895724004,0.1648938946,0.1179189348,0.0206251809,799766508
