cost,emissions,reliability,social
0.4628610885,0.2203795616,0.1213049876,0.1954543623
