{
  "seed": 989683690,
  "objective": 0.10548406644063037,
  "rho": 1.0,
  "cr": 0.0,
  "score_delta": 0.43393330569241884,
  "entropy_diff": 0.10298941896431041,
  "critic_diff": 0.10548406644063037,
  "merec_diff": 0.10563841178453007,
  "lopcow_diff": 0.06310395974274294,
  "mean_diff": 0.10714285714285712,
  "bayes_diff": 0.14720812347724926,
  "w_cost": 0.16853233047680624,
  "w_emissions": 0.2784470391071186,
  "w_reliability": 0.24778701193359798,
  "w_social": 0.30523361848247715
}