objective,rho,cr,score_delta,entropy_diff,critic_diff,merec_diff,lopcow_diff,mean_diff,bayes_diff,seed
0.1054840664,1.0000000000,0.0000000000,0.4339333057,0.1029894190,0.1054840664,0.1056384118,0.0631039597,0.1071428571,0.1472081235,989683690
