cost,emissions,reliability,social
0.1685323305,0.2784470391,0.2477870119,0.3052336185
