cost,emissions,reliability,social
0.0100299283,0.7394502042,0.1040116489,0.1465082186
