objective,rho,cr,score_delta,entropy_diff,critic_diff,merec_diff,lopcow_diff,mean_diff,bayes_diff,seed
0.1054840664,1.0000000000,0.0000000000,0.4903783244,0.1029571891,0.1054840664,0.1056061819,0.0974494141,0.1071428571,0.1471758936,13936287
