cost,emissions,reliability,social
0.1685967902,0.2762029063,0.1736459688,0.3815543348
