{
  "seed": 656894747,
  "objective": 0.09597678692397073,
  "rho": 1.0,
  "cr": 2.220446049250313e-16,
  "score_delta": 0.6813569292244569,
  "entropy_diff": 0.09597678692397073,
  "critic_diff": 0.10551091993459535,
  "merec_diff": 0.09865108769164327,
  "lopcow_diff": 0.06366418050516143,
  "mean_diff": 0.1071428571428571,
  "bayes_diff": 0.14010821911121737,
  "w_cost": 0.1826022737414567,
  "w_emissions": 0.26305425243558694,
  "w_reliability": 0.28306570408246395,
  "w_social": 0.2712777697404923
}