cost,emissions,reliability,social
0.1826022737,0.2630542524,0.2830657041,0.2712777697
