objective,rho,cr,score_delta,entropy_diff,critic_diff,merec_diff,lopcow_diff,mean_diff,bayes_diff,seed
0.0895724004,0.8750000000,0.0000000000,18563331.0913125500,0.0959767869,0.1055109199,0.0895724004,0.1795421149,0.1146172224,0.0290715095,943942816
