cost,emissions,reliability,social
0.4486007937,0.2806336511,0.1354545164,0.1353110388
