cost,emissions,reliability,social
0.1828122879,0.2124637543,0.2553668568,0.3493571010
