cost,emissions,reliability,social
0.4360644546,0.0148916592,0.4232373171,0.1258065690
