cost,emissions,reliability,social
0.4626153173,0.2217354065,0.1655334820,0.1501157942
