cost,emissions,reliability,social
0.2572026006,0.2651607739,0.1386629703,0.3389736552
