{
  "seed": 969815116,
  "objective": 0.10558715124665415,
  "rho": 1.0,
  "cr": 2.220446049250313e-16,
  "score_delta": 0.43273454690691066,
  "entropy_diff": 0.10309332548934066,
  "critic_diff": 0.10558715124665415,
  "merec_diff": 0.10574231830956032,
  "lopcow_diff": 0.06310395974274297,
  "mean_diff": 0.10714285714285715,
  "bayes_diff": 0.14731203000227952,
  "w_cost": 0.16832451742674578,
  "w_emissions": 0.27868447981080124,
  "w_reliability": 0.2607998118876273,
  "w_social": 0.29219119087482576
}