cost,emissions,reliability,social
0.1683245174,0.2786844798,0.2607998119,0.2921911909
