objective,rho,cr,score_delta,entropy_diff,critic_diff,merec_diff,lopcow_diff,mean_diff,bayes_diff,seed
0.1055871512,1.0000000000,0.0000000000,0.4327345469,0.1030933255,0.1055871512,0.1057423183,0.0631039597,0.1071428571,0.1473120300,969815116
