cost,emissions,reliability,social
0.2633018157,0.4760325696,0.1308447574,0.1298208573
