hour,CF_hourly_avg
1,2.352330
2,1.653166
3,1.267934
4,1.087209
5,1.092284
6,1.184659
7,1.148899
8,1.472768
9,0.823595
10,0.917505
11,0.941245
12,0.845008
13,1.164668
14,1.067516
15,1.033738
16,1.642890
17,2.113212
18,1.165086
19,1.126403
20,0.919149
21,0.796295
22,0.797069
23,0.999975
24,1.892422
