hour,total_load
1,376.800000
2,376.800000
3,376.800000
4,376.800000
5,376.800000
6,376.800000
7,597.600000
8,918.400000
9,1146.050000
10,1270.650000
11,1270.650000
12,1319.850000
13,1231.100000
14,1231.100000
15,1231.100000
16,1137.850000
17,1082.650000
18,1146.400000
19,1407.900000
20,2267.200000
21,2987.200000
22,2772.700000
23,1603.000000
24,601.800000
