cost,emissions,reliability,social
0.1685081829,0.3097013191,0.2103319173,0.3114585807
