cost,emissions,reliability,social
0.1686722376,0.3274016837,0.3640365387,0.1398895400
