{
  "seed": 118478577,
  "objective": 0.10548406644063037,
  "rho": 1.0,
  "cr": 0.0,
  "score_delta": 0.4088956637472224,
  "entropy_diff": 0.10291946540918562,
  "critic_diff": 0.10548406644063037,
  "merec_diff": 0.10556845822940528,
  "lopcow_diff": 0.12328825708990265,
  "mean_diff": 0.10862665857486395,
  "bayes_diff": 0.1541979304978267,
  "w_cost": 0.16867223758705585,
  "w_emissions": 0.32740168372945244,
  "w_reliability": 0.3640365386903625,
  "w_social": 0.1398895399931292
}