objective,rho,cr,score_delta,entropy_diff,critic_diff,merec_diff,lopcow_diff,mean_diff,bayes_diff,seed
0.1054840664,1.0000000000,0.0000000000,0.4088956637,0.1029194654,0.1054840664,0.1055684582,0.1232882571,0.1086266586,0.1541979305,118478577
