objective,rho,cr,score_delta,entropy_diff,critic_diff,merec_diff,lopcow_diff,mean_diff,bayes_diff,seed
0.0091505507,0.8750000000,0.0000000000,22842397.9912182800,0.0959767869,0.1055109199,0.0895724004,0.1650272533,0.1074998397,0.0091505507,877882487
