{
  "seed": 877882487,
  "objective": 0.00915055067546229,
  "rho": 0.875,
  "cr": 2.220446049250313e-16,
  "score_delta": 22842397.99121828,
  "entropy_diff": 0.09597678692397077,
  "critic_diff": 0.10551091993459544,
  "merec_diff": 0.08957240043152061,
  "lopcow_diff": 0.1650272533477255,
  "mean_diff": 0.10749983974091265,
  "bayes_diff": 0.00915055067546229,
  "w_cost": 0.4631278059605163,
  "w_emissions": 0.2353320965775017,
  "w_reliability": 0.1421431776610319,
  "w_social": 0.15939691980095022
}