cost,emissions,reliability,social
0.4631278060,0.2353320966,0.1421431777,0.1593969198
