cost,emissions,reliability,social
0.1825937556,0.4146365054,0.1920353598,0.2107343792
