{
  "seed": 187035850,
  "objective": 0.09597678692397073,
  "rho": 1.0,
  "cr": 2.220446049250313e-16,
  "score_delta": 0.5282257351689885,
  "entropy_diff": 0.09597678692397073,
  "critic_diff": 0.10551091993459538,
  "merec_diff": 0.09865534674299498,
  "lopcow_diff": 0.11354002299804057,
  "mean_diff": 0.1071428571428571,
  "bayes_diff": 0.14011247816256905,
  "w_cost": 0.1825937556387533,
  "w_emissions": 0.41463650537259056,
  "w_reliability": 0.19203535980836775,
  "w_social": 0.21073437918028826
}