objective,rho,cr,score_delta,entropy_diff,critic_diff,merec_diff,lopcow_diff,mean_diff,bayes_diff,seed
0.0959767869,1.0000000000,0.0000000000,0.5282257352,0.0959767869,0.1055109199,0.0986553467,0.1135400230,0.1071428571,0.1401124782,187035850
