{
  "seed": 139752483,
  "objective": 0.10548406644063034,
  "rho": 1.0,
  "cr": 1.1102230246251565e-16,
  "score_delta": 0.41017049757742263,
  "entropy_diff": 0.10298542211190843,
  "critic_diff": 0.10548406644063034,
  "merec_diff": 0.10563441493212808,
  "lopcow_diff": 0.12595954335798681,
  "mean_diff": 0.11129794484294811,
  "bayes_diff": 0.15693517346863373,
  "w_cost": 0.16854032418161016,
  "w_emissions": 0.3220670199679016,
  "w_reliability": 0.3748456883935273,
  "w_social": 0.13454696745696085
}