cost,emissions,reliability,social
0.1685403242,0.3220670200,0.3748456884,0.1345469675
