objective,rho,cr,score_delta,entropy_diff,critic_diff,merec_diff,lopcow_diff,mean_diff,bayes_diff,seed
0.1054840664,1.0000000000,0.0000000000,0.4101704976,0.1029854221,0.1054840664,0.1056344149,0.1259595434,0.1112979448,0.1569351735,139752483
