{
  "seed": 943942816,
  "objective": 0.0,
  "rho": 1.0,
  "cr": 0.0,
  "w_cost": 0.07636624275059063,
  "w_emissions": 0.029372830169401135,
  "w_reliability": 0.5381881421404396,
  "w_social": 0.35607278493956857
}