cost,emissions,reliability,social
0.0763662428,0.0293728302,0.5381881421,0.3560727849
