objective,rho,cr,score_delta,entropy_diff,critic_diff,merec_diff,lopcow_diff,mean_diff,bayes_diff,seed
0.0895724004,0.8750000000,0.0000000000,23021065.7822329700,0.0959767869,0.1055109199,0.0895724004,0.1580888616,0.1104332384,0.0207773892,87976068
