cost,emissions,reliability,social
0.4454318322,0.2408961061,0.1362763803,0.1773956814
