cost,emissions,reliability,social
0.1685277724,0.1962494860,0.3615397662,0.2736829753
