objective,rho,cr,score_delta,entropy_diff,critic_diff,merec_diff,lopcow_diff,mean_diff,bayes_diff,seed
0.1055109199,1.0000000000,0.0000000000,0.8882303693,0.1029632440,0.1055109199,0.1079433964,0.0840778954,0.1071428571,0.1602660428,565112719
