{
  "seed": 565112719,
  "objective": 0.10551091993459538,
  "rho": 1.0,
  "cr": 1.1102230246251565e-16,
  "score_delta": 0.8882303693464046,
  "entropy_diff": 0.10296324403818813,
  "critic_diff": 0.10551091993459538,
  "merec_diff": 0.10794339640490125,
  "lopcow_diff": 0.08407789537707747,
  "mean_diff": 0.1071428571428571,
  "bayes_diff": 0.1602660428188103,
  "w_cost": 0.16852777240667385,
  "w_emissions": 0.19624948600636546,
  "w_reliability": 0.36153976624428125,
  "w_social": 0.2736829753426794
}