cost,emissions,reliability,social
0.4630558106,0.2080938874,0.1250438319,0.2038064701
