objective,rho,cr,score_delta,entropy_diff,critic_diff,merec_diff,lopcow_diff,mean_diff,bayes_diff,seed
0.0249523211,0.8750000000,0.0000000000,20992040.7781336233,0.0961847717,0.1054840664,0.0895493938,0.1655258383,0.1160495126,0.0249523211,465985152
