{
  "seed": 465985152,
  "objective": 0.024952321051493337,
  "rho": 0.875,
  "cr": 1.1102230246251565e-16,
  "score_delta": 20992040.778133623,
  "entropy_diff": 0.09618477174359774,
  "critic_diff": 0.10548406644063035,
  "merec_diff": 0.08954939378098153,
  "lopcow_diff": 0.1655258383266666,
  "mean_diff": 0.11604951260734331,
  "bayes_diff": 0.024952321051493337,
  "w_cost": 0.46305581056458855,
  "w_emissions": 0.20809388739300433,
  "w_reliability": 0.12504383192817048,
  "w_social": 0.20380647011423655
}