cost,emissions,reliability,social
0.4628240131,0.2616668214,0.1047025175,0.1708066480
