objective,rho,cr,score_delta,entropy_diff,critic_diff,merec_diff,lopcow_diff,mean_diff,bayes_diff,seed
0.0278708807,0.8750000000,0.0000000000,28282777.3608805425,0.1063400233,0.1134462564,0.0974619167,0.1771703097,0.1262201698,0.0278708807,135639054
