cost,emissions,reliability,social
0.3445577025,0.2865651956,0.0362692197,0.3326078822
