{
  "seed": 487139898,
  "objective": 0.0,
  "rho": 1.0,
  "cr": 0.0,
  "w_cost": 0.34455770250023643,
  "w_emissions": 0.28656519557000876,
  "w_reliability": 0.03626921974892101,
  "w_social": 0.3326078821808338
}