objective,rho,cr,score_delta,entropy_diff,critic_diff,merec_diff,lopcow_diff,mean_diff,bayes_diff,seed
0.1054840664,1.0000000000,0.0000000000,0.4007614729,0.1029901825,0.1054840664,0.1056391753,0.1180728570,0.1123718871,0.1612539952,314439980
