cost,emissions,reliability,social
0.1685308034,0.4270663973,0.1323990829,0.2720037165
