{
  "seed": 83306423,
  "objective": 0.09597678692397074,
  "rho": 1.0,
  "cr": 0.0,
  "score_delta": 0.9968393996342682,
  "entropy_diff": 0.09597678692397074,
  "critic_diff": 0.10551091993459537,
  "merec_diff": 0.10558759740173014,
  "lopcow_diff": 0.13377257051664124,
  "mean_diff": 0.1071428571428571,
  "bayes_diff": 0.15791024381563915,
  "w_cost": 0.1825203227761917,
  "w_emissions": 0.18696853364318983,
  "w_reliability": 0.45829116352061666,
  "w_social": 0.1722199800600017
}