cost,emissions,reliability,social
0.1825203228,0.1869685336,0.4582911635,0.1722199801
