objective,rho,cr,score_delta,entropy_diff,critic_diff,merec_diff,lopcow_diff,mean_diff,bayes_diff,seed
0.0959767869,1.0000000000,0.0000000000,0.9968393996,0.0959767869,0.1055109199,0.1055875974,0.1337725705,0.1071428571,0.1579102438,83306423
