{
  "seed": 194821837,
  "objective": 0.007769256532378879,
  "rho": 0.875,
  "cr": 0.0,
  "score_delta": 30005185.155543804,
  "entropy_diff": 0.09596351577720208,
  "critic_diff": 0.10548406644063038,
  "merec_diff": 0.08954939378098158,
  "lopcow_diff": 0.16409086854891106,
  "mean_diff": 0.10714285714285715,
  "bayes_diff": 0.007769256532378879,
  "w_cost": 0.46018587100907754,
  "w_emissions": 0.21573844260128125,
  "w_reliability": 0.1545281121803498,
  "w_social": 0.16954757420929148
}