cost,emissions,reliability,social
0.4601858710,0.2157384426,0.1545281122,0.1695475742
