cost,emissions,reliability,social
0.4629997524,0.1974107606,0.1806806883,0.1589087987
