{
  "seed": 122740492,
  "objective": 0.012571150808728102,
  "rho": 0.875,
  "cr": 1.1102230246251565e-16,
  "score_delta": 19674547.03829317,
  "entropy_diff": 0.09596351577720205,
  "critic_diff": 0.10548406644063035,
  "merec_diff": 0.09119917362815254,
  "lopcow_diff": 0.16549780922942656,
  "mean_diff": 0.10714285714285711,
  "bayes_diff": 0.012571150808728102,
  "w_cost": 0.4629997523701085,
  "w_emissions": 0.1974107606372897,
  "w_reliability": 0.18068068829066244,
  "w_social": 0.15890879870193933
}