objective,rho,cr,score_delta,entropy_diff,critic_diff,merec_diff,lopcow_diff,mean_diff,bayes_diff,seed
0.0125711508,0.8750000000,0.0000000000,19674547.0382931717,0.0959635158,0.1054840664,0.0911991736,0.1654978092,0.1071428571,0.0125711508,122740492
