{
  "seed": 946024453,
  "objective": 0.09596351577720202,
  "rho": 1.0,
  "cr": 0.0,
  "score_delta": 0.3660038118643594,
  "entropy_diff": 0.09596351577720202,
  "critic_diff": 0.10548406644063034,
  "merec_diff": 0.09855774694507524,
  "lopcow_diff": 0.08830718812214697,
  "mean_diff": 0.1071428571428571,
  "bayes_diff": 0.14012745863779444,
  "w_cost": 0.18269366015571586,
  "w_emissions": 0.2609910376678534,
  "w_reliability": 0.3464636242477901,
  "w_social": 0.2098516779286405
}