cost,emissions,reliability,social
0.1826936602,0.2609910377,0.3464636242,0.2098516779
