{
  "seed": 175999499,
  "objective": 0.09596351577720201,
  "rho": 1.0,
  "cr": 1.1102230246251565e-16,
  "score_delta": 0.3787473742254126,
  "entropy_diff": 0.09596351577720201,
  "critic_diff": 0.10548406644063033,
  "merec_diff": 0.09858821194546033,
  "lopcow_diff": 0.07986250200672385,
  "mean_diff": 0.10714285714285708,
  "bayes_diff": 0.14015792363817953,
  "w_cost": 0.18263273015494566,
  "w_emissions": 0.3482893421679463,
  "w_reliability": 0.23926225031311865,
  "w_social": 0.2298156773639892
}