cost,emissions,reliability,social
0.1826327302,0.3482893422,0.2392622503,0.2298156774
