cost,emissions,reliability,social
0.1831729066,0.2806628791,0.1304557119,0.4057085023
