objective,rho,cr,score_delta,entropy_diff,critic_diff,merec_diff,lopcow_diff,mean_diff,bayes_diff,seed
0.0959635158,1.0000000000,0.0000000000,0.4932656261,0.0959635158,0.1054840664,0.0983181237,0.1190445426,0.1133435726,0.1549046290,891911453
