{
  "seed": 959205452,
  "objective": 0.0,
  "rho": 1.0,
  "cr": 0.0,
  "w_cost": 0.6549438958120983,
  "w_emissions": 0.15700205026557923,
  "w_reliability": 0.17665268063078346,
  "w_social": 0.011401373291539015
}