cost,emissions,reliability,social
0.6549438958,0.1570020503,0.1766526806,0.0114013733
