objective,rho,cr,score_delta,entropy_diff,critic_diff,merec_diff,lopcow_diff,mean_diff,bayes_diff,seed
0.0959767869,1.0000000000,0.0000000000,0.5002107424,0.0959767869,0.1055109199,0.0985673544,0.0858685000,0.1071428571,0.1400244858,723639739
