{
  "seed": 723639739,
  "objective": 0.09597678692397071,
  "rho": 1.0,
  "cr": 0.0,
  "score_delta": 0.5002107423525227,
  "entropy_diff": 0.09597678692397071,
  "critic_diff": 0.10551091993459535,
  "merec_diff": 0.09856735436683924,
  "lopcow_diff": 0.08586850003359821,
  "mean_diff": 0.1071428571428571,
  "bayes_diff": 0.14002448578641333,
  "w_cost": 0.18276974039106475,
  "w_emissions": 0.3591174746913944,
  "w_reliability": 0.19603778755060713,
  "w_social": 0.26207499736693357
}