cost,emissions,reliability,social
0.1827697404,0.3591174747,0.1960377876,0.2620749974
