objective,rho,cr,score_delta,entropy_diff,critic_diff,merec_diff,lopcow_diff,mean_diff,bayes_diff,seed
0.1055109199,1.0000000000,0.0000000000,0.5219791612,0.1016905681,0.1055109199,0.1039782947,0.1450753093,0.1162943012,0.1633804383,830018898
