cost,emissions,reliability,social
0.1719478597,0.4883529740,0.1245542548,0.2151449116
