{
  "seed": 830018898,
  "objective": 0.10551091993459538,
  "rho": 1.0,
  "cr": 1.1102230246251565e-16,
  "score_delta": 0.5219791611910181,
  "entropy_diff": 0.10169056813524127,
  "critic_diff": 0.10551091993459538,
  "merec_diff": 0.10397829473154072,
  "lopcow_diff": 0.1450753093190339,
  "mean_diff": 0.11629430117901783,
  "bayes_diff": 0.16338043826468227,
  "w_cost": 0.17194785966166187,
  "w_emissions": 0.48835297399166866,
  "w_reliability": 0.12455425478482142,
  "w_social": 0.21514491156184798
}