objective,rho,cr,score_delta,entropy_diff,critic_diff,merec_diff,lopcow_diff,mean_diff,bayes_diff,seed
0.1055109199,1.0000000000,0.0000000000,0.8362153546,0.1029250638,0.1055109199,0.1056501581,0.1284410862,0.1121841453,0.1578431947,178020308
