{
  "seed": 178020308,
  "objective": 0.10551091993459535,
  "rho": 1.0,
  "cr": 2.220446049250313e-16,
  "score_delta": 0.8362153546390315,
  "entropy_diff": 0.1029250637954963,
  "critic_diff": 0.10551091993459535,
  "merec_diff": 0.10565015811634289,
  "lopcow_diff": 0.12844108621895206,
  "mean_diff": 0.11218414529724235,
  "bayes_diff": 0.1578431947304227,
  "w_cost": 0.16860413289205745,
  "w_emissions": 0.32699645560452195,
  "w_reliability": 0.3716248449550481,
  "w_social": 0.13277456654837233
}