cost,emissions,reliability,social
0.1686041329,0.3269964556,0.3716248450,0.1327745665
