{
  "seed": 141121216,
  "objective": 0.028922831240341153,
  "rho": 0.875,
  "cr": 1.1102230246251565e-16,
  "score_delta": 15155070.023319006,
  "entropy_diff": 0.10467377253646551,
  "critic_diff": 0.10720791809623709,
  "merec_diff": 0.10739635717891978,
  "lopcow_diff": 0.16463934685080614,
  "mean_diff": 0.10714285714285711,
  "bayes_diff": 0.028922831240341153,
  "w_cost": 0.46235199296667745,
  "w_emissions": 0.16511168860330008,
  "w_reliability": 0.16780139237648076,
  "w_social": 0.20473492605354163
}