objective,rho,cr,score_delta,entropy_diff,critic_diff,merec_diff,lopcow_diff,mean_diff,bayes_diff,seed
0.0289228312,0.8750000000,0.0000000000,15155070.0233190060,0.1046737725,0.1072079181,0.1073963572,0.1646393469,0.1071428571,0.0289228312,141121216
