cost,emissions,reliability,social
0.4623519930,0.1651116886,0.1678013924,0.2047349261
