Alternative,fuzzy_topsis_score,fuzzy_topsis_rank,vikor_score,vikor_rank,copras_score,copras_rank,moora_score,moora_rank
C2,0.7081036477,1.0000000000,0.0000000000,1.0000000000,1.1284332833,1.0000000000,0.0114335869,1.0000000000
C3,0.5459375732,2.0000000000,0.2388282929,2.0000000000,0.7244547121,2.0000000000,-0.0912973686,2.0000000000
C1,0.2270873898,3.0000000000,1.0000000000,3.0000000000,0.5703701174,3.0000000000,-0.1954648912,3.0000000000
