Alternative,fuzzy_topsis_score,fuzzy_topsis_rank,vikor_score,vikor_rank,copras_score,copras_rank,moora_score,moora_rank
C2,0.6380789936,1.0000000000,0.0102057191,1.0000000000,1.1074781636,1.0000000000,-0.0581413327,1.0000000000
C3,0.5899085034,2.0000000000,0.0769603964,2.0000000000,0.7381106997,2.0000000000,-0.1587596618,2.0000000000
C1,0.2815646582,3.0000000000,1.0000000000,3.0000000000,0.5795657967,3.0000000000,-0.2689269767,3.0000000000
