Alternative,fuzzy_topsis_score,fuzzy_topsis_rank,vikor_score,vikor_rank,copras_score,copras_rank,moora_score,moora_rank
C2,0.7411924878,1.0000000000,0.1067461870,2.0000000000,1.0902793106,1.0000000000,-0.0860315587,1.0000000000
C3,0.5250896325,2.0000000000,0.0891990304,1.0000000000,0.6647932104,2.0000000000,-0.2164348164,2.0000000000
C1,0.2013451760,3.0000000000,1.0000000000,3.0000000000,0.5137897310,3.0000000000,-0.3431263929,3.0000000000
