cost,emissions,reliability,social
0.1685420493,0.1947481239,0.1888674871,0.4478423396
