objective,rho,cr,score_delta,entropy_diff,critic_diff,merec_diff,lopcow_diff,mean_diff,bayes_diff,seed
0.1054840664,1.0000000000,0.0000000000,0.5339965619,0.1029845595,0.1054840664,0.1086146505,0.1120610602,0.1071428571,0.1611057332,700522966
