{
  "seed": 700522966,
  "objective": 0.10548406644063035,
  "rho": 1.0,
  "cr": 0.0,
  "score_delta": 0.5339965618797596,
  "entropy_diff": 0.10298455952902488,
  "critic_diff": 0.10548406644063035,
  "merec_diff": 0.1086146505407879,
  "lopcow_diff": 0.11206106018728632,
  "mean_diff": 0.1071428571428571,
  "bayes_diff": 0.16110573319506422,
  "w_cost": 0.16854204934737727,
  "w_emissions": 0.194748123948545,
  "w_reliability": 0.18886748707817833,
  "w_social": 0.44784233962589937
}