objective,rho,cr,score_delta,entropy_diff,critic_diff,merec_diff,lopcow_diff,mean_diff,bayes_diff,seed
0.1054840664,1.0000000000,0.0000000000,0.4522951407,0.1029719467,0.1054840664,0.1056209395,0.1075198592,0.1071428571,0.1506827615,84388104
