cost,emissions,reliability,social
0.1685672751,0.3461782473,0.1535050785,0.3317493991
