{
  "seed": 84388104,
  "objective": 0.10548406644063035,
  "rho": 1.0,
  "cr": 0.0,
  "score_delta": 0.4522951406629009,
  "entropy_diff": 0.10297194665919482,
  "critic_diff": 0.10548406644063035,
  "merec_diff": 0.10562093947941446,
  "lopcow_diff": 0.1075198592396688,
  "mean_diff": 0.1071428571428571,
  "bayes_diff": 0.15068276149495677,
  "w_cost": 0.16856727508703742,
  "w_emissions": 0.3461782472571204,
  "w_reliability": 0.15350507852376938,
  "w_social": 0.33174939913207274
}