cost,emissions,reliability,social
0.4667052143,0.2092856816,0.1586547571,0.1653543469
