{
  "seed": 34542166,
  "objective": 0.007497236163089477,
  "rho": 0.875,
  "cr": 0.0,
  "score_delta": 18098211.627767615,
  "entropy_diff": 0.09597678692397077,
  "critic_diff": 0.10551091993459541,
  "merec_diff": 0.08957240043152057,
  "lopcow_diff": 0.1668159575075802,
  "mean_diff": 0.10714285714285712,
  "bayes_diff": 0.007497236163089477,
  "w_cost": 0.46670521428022566,
  "w_emissions": 0.20928568163567543,
  "w_reliability": 0.1586547571368704,
  "w_social": 0.1653543469472285
}