cost,emissions,reliability,social
0.1685507246,0.2908726387,0.1671428759,0.3734337609
