{
  "seed": 915338840,
  "objective": 0.10551091993459535,
  "rho": 1.0,
  "cr": 0.0,
  "score_delta": 0.46030725687047325,
  "entropy_diff": 0.10295176794557599,
  "critic_diff": 0.10551091993459535,
  "merec_diff": 0.10567686226642259,
  "lopcow_diff": 0.1001892655733193,
  "mean_diff": 0.1071428571428571,
  "bayes_diff": 0.14713399368599667,
  "w_cost": 0.1685507245918981,
  "w_emissions": 0.29087263866233004,
  "w_reliability": 0.1671428758621449,
  "w_social": 0.37343376088362684
}