objective,rho,cr,score_delta,entropy_diff,critic_diff,merec_diff,lopcow_diff,mean_diff,bayes_diff,seed
0.1055109199,1.0000000000,0.0000000000,0.4603072569,0.1029517679,0.1055109199,0.1056768623,0.1001892656,0.1071428571,0.1471339937,915338840
