objective,rho,cr,score_delta,entropy_diff,critic_diff,merec_diff,lopcow_diff,mean_diff,bayes_diff,seed
0.0081335095,0.8750000000,0.0000000000,19816758.4367882125,0.0959767869,0.1055109199,0.0895724004,0.1657130740,0.1071428571,0.0081335095,738366734
