cost,emissions,reliability,social
0.4628250921,0.2387512709,0.1509532787,0.1474703583
