{
  "seed": 738366734,
  "objective": 0.008133509463705946,
  "rho": 0.875,
  "cr": 0.0,
  "score_delta": 19816758.436788213,
  "entropy_diff": 0.09597678692397074,
  "critic_diff": 0.1055109199345954,
  "merec_diff": 0.08957240043152058,
  "lopcow_diff": 0.16571307398140447,
  "mean_diff": 0.10714285714285712,
  "bayes_diff": 0.008133509463705946,
  "w_cost": 0.4628250920677115,
  "w_emissions": 0.23875127091036027,
  "w_reliability": 0.1509532787339541,
  "w_social": 0.14747035828797414
}