cost,emissions,reliability,social
0.4673713640,0.2113136549,0.2782866156,0.0430283655
