{
  "seed": 693247024,
  "objective": 0.0,
  "rho": 1.0,
  "cr": 0.0,
  "w_cost": 0.4673713640294875,
  "w_emissions": 0.21131365493267734,
  "w_reliability": 0.2782866155572895,
  "w_social": 0.04302836548054564
}