cost,emissions,reliability,social
0.1690016880,0.2129843001,0.2257114007,0.3923026112
