objective,rho,cr,score_delta,entropy_diff,critic_diff,merec_diff,lopcow_diff,mean_diff,bayes_diff,seed
0.1054840664,1.0000000000,0.0000000000,0.4887760123,0.1027547402,0.1054840664,0.1054037330,0.0845210153,0.1071428571,0.1517578258,284720082
