{
  "seed": 284720082,
  "objective": 0.10548406644063035,
  "rho": 1.0,
  "cr": 0.0,
  "score_delta": 0.4887760123201055,
  "entropy_diff": 0.10275474019612943,
  "critic_diff": 0.10548406644063035,
  "merec_diff": 0.10540373301634909,
  "lopcow_diff": 0.08452101530920023,
  "mean_diff": 0.1071428571428571,
  "bayes_diff": 0.15175782579424335,
  "w_cost": 0.16900168801316817,
  "w_emissions": 0.2129843000843958,
  "w_reliability": 0.22571140069849965,
  "w_social": 0.3923026112039363
}