objective,rho,cr,score_delta,entropy_diff,critic_diff,merec_diff,lopcow_diff,mean_diff,bayes_diff,seed
0.1054840664,1.0000000000,0.0000000000,0.3956616451,0.1029794745,0.1054840664,0.1056284674,0.0885393216,0.1071428571,0.1471981791,536513576
