cost,emissions,reliability,social
0.1685522193,0.3797234922,0.2279206777,0.2238036107
