objective,rho,cr,score_delta,entropy_diff,critic_diff,merec_diff,lopcow_diff,mean_diff,bayes_diff,seed
0.0057237688,0.8750000000,0.0000000000,15076532.1282563433,0.0959767869,0.1055109199,0.0895724004,0.1651631122,0.1071720089,0.0057237688,963194275
