cost,emissions,reliability,social
0.4633995236,0.2253947067,0.1684069303,0.1427988394
