cost,emissions,reliability,social
0.2801215430,0.0304404995,0.4597765202,0.2296614373
