{
  "seed": 651418567,
  "objective": 0.09597678692397074,
  "rho": 1.0,
  "cr": 1.1102230246251565e-16,
  "score_delta": 0.6653996055945102,
  "entropy_diff": 0.09597678692397074,
  "critic_diff": 0.10551091993459538,
  "merec_diff": 0.098326376250118,
  "lopcow_diff": 0.12407217415461613,
  "mean_diff": 0.10781523323290643,
  "bayes_diff": 0.1461505007998618,
  "w_cost": 0.1832516966245073,
  "w_emissions": 0.37775253552483695,
  "w_reliability": 0.29748337717361145,
  "w_social": 0.14151239067704424
}