cost,emissions,reliability,social
0.1832516966,0.3777525355,0.2974833772,0.1415123907
