objective,rho,cr,score_delta,entropy_diff,critic_diff,merec_diff,lopcow_diff,mean_diff,bayes_diff,seed
0.0959767869,1.0000000000,0.0000000000,0.6653996056,0.0959767869,0.1055109199,0.0983263763,0.1240721742,0.1078152332,0.1461505008,651418567
