cost,emissions,reliability,social
0.4627953252,0.2381805045,0.0985954984,0.2004286718
