{
  "seed": 627806606,
  "objective": 0.030936083671312415,
  "rho": 0.875,
  "cr": 0.0,
  "score_delta": 37669982.83197768,
  "entropy_diff": 0.10939353283549978,
  "critic_diff": 0.11649976599507983,
  "merec_diff": 0.100515426246278,
  "lopcow_diff": 0.16541280737595365,
  "mean_diff": 0.12927367936599973,
  "bayes_diff": 0.030936083671312415,
  "w_cost": 0.4627953252223654,
  "w_emissions": 0.2381805045448047,
  "w_reliability": 0.0985954984108577,
  "w_social": 0.20042867182197227
}