objective,rho,cr,score_delta,entropy_diff,critic_diff,merec_diff,lopcow_diff,mean_diff,bayes_diff,seed
0.0309360837,0.8750000000,0.0000000000,37669982.8319776803,0.1093935328,0.1164997660,0.1005154262,0.1654128074,0.1292736794,0.0309360837,627806606
