{
  "seed": 423814265,
  "objective": 0.0,
  "rho": 1.0,
  "cr": 0.0,
  "w_cost": 0.7333036264711289,
  "w_emissions": 0.07094225716749776,
  "w_reliability": 0.09797313136375031,
  "w_social": 0.09778098499762299
}