cost,emissions,reliability,social
0.7333036265,0.0709422572,0.0979731314,0.0977809850
