objective,rho,cr,score_delta,entropy_diff,critic_diff,merec_diff,lopcow_diff,mean_diff,bayes_diff,seed
0.0044215754,0.8750000000,0.0000000000,17864055.5985724553,0.0959767869,0.1055109199,0.0895724004,0.1648589309,0.1071428571,0.0044215754,339382881
