cost,emissions,reliability,social
0.4627911611,0.2313337830,0.1582887988,0.1475862571
