{
  "seed": 339382881,
  "objective": 0.004421575434458029,
  "rho": 0.875,
  "cr": 0.0,
  "score_delta": 17864055.598572455,
  "entropy_diff": 0.09597678692397078,
  "critic_diff": 0.10551091993459541,
  "merec_diff": 0.08957240043152061,
  "lopcow_diff": 0.16485893090715803,
  "mean_diff": 0.10714285714285715,
  "bayes_diff": 0.004421575434458029,
  "w_cost": 0.4627911610793814,
  "w_emissions": 0.23133378295568452,
  "w_reliability": 0.15828879884321642,
  "w_social": 0.14758625712171775
}