{
  "seed": 364510454,
  "objective": 0.09597678692397073,
  "rho": 1.0,
  "cr": 1.1102230246251565e-16,
  "score_delta": 0.461373733194455,
  "entropy_diff": 0.09597678692397073,
  "critic_diff": 0.10551091993459537,
  "merec_diff": 0.09866729725549822,
  "lopcow_diff": 0.11407149501080657,
  "mean_diff": 0.10888222007784334,
  "bayes_diff": 0.15065735968746535,
  "w_cost": 0.1825698546137468,
  "w_emissions": 0.3598104616988315,
  "w_reliability": 0.13937841698717035,
  "w_social": 0.3182412667002512
}