objective,rho,cr,score_delta,entropy_diff,critic_diff,merec_diff,lopcow_diff,mean_diff,bayes_diff,seed
0.0959767869,1.0000000000,0.0000000000,0.4613737332,0.0959767869,0.1055109199,0.0986672973,0.1140714950,0.1088822201,0.1506573597,364510454
