cost,emissions,reliability,social
0.1825698546,0.3598104617,0.1393784170,0.3182412667
