cost,emissions,reliability,social
0.4661866471,0.1967958026,0.1571379953,0.1798795550
