{
  "seed": 940053260,
  "objective": 0.014500556614878896,
  "rho": 0.875,
  "cr": 1.1102230246251565e-16,
  "score_delta": 18431498.893316563,
  "entropy_diff": 0.09597678692397071,
  "critic_diff": 0.10551091993459537,
  "merec_diff": 0.09155430017763702,
  "lopcow_diff": 0.16655667392665288,
  "mean_diff": 0.10714285714285707,
  "bayes_diff": 0.014500556614878896,
  "w_cost": 0.466186647118371,
  "w_emissions": 0.1967958026058656,
  "w_reliability": 0.15713799526310132,
  "w_social": 0.17987955501266192
}