objective,rho,cr,score_delta,entropy_diff,critic_diff,merec_diff,lopcow_diff,mean_diff,bayes_diff,seed
0.0145005566,0.8750000000,0.0000000000,18431498.8933165632,0.0959767869,0.1055109199,0.0915543002,0.1665566739,0.1071428571,0.0145005566,940053260
