cost,emissions,reliability,social
0.1685556598,0.2417816379,0.3644149949,0.2252477074
