{
  "seed": 34692964,
  "objective": 0.10548406644063034,
  "rho": 1.0,
  "cr": 0.0,
  "score_delta": 0.3849696235108254,
  "entropy_diff": 0.10297775431685369,
  "critic_diff": 0.10548406644063034,
  "merec_diff": 0.10562674713707335,
  "lopcow_diff": 0.08060917336963222,
  "mean_diff": 0.1071428571428571,
  "bayes_diff": 0.14719645882979254,
  "w_cost": 0.16855565977171966,
  "w_emissions": 0.24178163794289415,
  "w_reliability": 0.3644149948517161,
  "w_social": 0.22524770743367
}