objective,rho,cr,score_delta,entropy_diff,critic_diff,merec_diff,lopcow_diff,mean_diff,bayes_diff,seed
0.1054840664,1.0000000000,0.0000000000,0.3849696235,0.1029777543,0.1054840664,0.1056267471,0.0806091734,0.1071428571,0.1471964588,34692964
