objective,rho,cr,score_delta,entropy_diff,critic_diff,merec_diff,lopcow_diff,mean_diff,bayes_diff,seed
0.1054840664,1.0000000000,0.0000000000,0.4394891051,0.1028446501,0.1054840664,0.1054936430,0.1164730494,0.1107720795,0.1595086551,825953844
