cost,emissions,reliability,social
0.1688218681,0.3800009409,0.1355986982,0.3155784927
