cost,emissions,reliability,social
0.4629616573,0.2507944540,0.1575928232,0.1286510655
