objective,rho,cr,score_delta,entropy_diff,critic_diff,merec_diff,lopcow_diff,mean_diff,bayes_diff,seed
0.0141272358,0.8750000000,0.0000000000,38535160.8694257364,0.0959635158,0.1054840664,0.0895493938,0.1712795215,0.1142458958,0.0141272358,154289491
