{
  "seed": 154289491,
  "objective": 0.014127235826594163,
  "rho": 0.875,
  "cr": 1.1102230246251565e-16,
  "score_delta": 38535160.86942574,
  "entropy_diff": 0.09596351577720202,
  "critic_diff": 0.10548406644063035,
  "merec_diff": 0.0895493937809815,
  "lopcow_diff": 0.17127952151489734,
  "mean_diff": 0.11424589584516462,
  "bayes_diff": 0.014127235826594163,
  "w_cost": 0.4629616573398214,
  "w_emissions": 0.2507944539994176,
  "w_reliability": 0.1575928232082331,
  "w_social": 0.1286510654525278
}