cost,emissions,reliability,social
0.1067977752,0.4340841747,0.2250055454,0.2341125046
