{
  "seed": 194750415,
  "objective": 0.0,
  "rho": 1.0,
  "cr": 0.0,
  "w_cost": 0.10679777524645229,
  "w_emissions": 0.43408417474026184,
  "w_reliability": 0.22500554544998694,
  "w_social": 0.2341125045632989
}