objective,rho,cr,score_delta,entropy_diff,critic_diff,merec_diff,lopcow_diff,mean_diff,bayes_diff,seed
0.0959767869,1.0000000000,0.0000000000,0.1481403791,0.0959767869,0.1055109199,0.0895724004,0.1280367387,0.1071428571,0.0490080850,740945887
