cost,emissions,reliability,social
0.1825211253,0.2056513737,0.4608229907,0.1510045103
