cost,emissions,reliability,social
0.3648025420,0.2614211504,0.2158487947,0.1579275129
