objective,rho,cr,score_delta,entropy_diff,critic_diff,merec_diff,lopcow_diff,mean_diff,bayes_diff,seed
0.0179241286,0.8750000000,0.0000000000,32610273.7744680271,0.0963932711,0.1055109199,0.0895724004,0.1657553930,0.1162734177,0.0179241286,686997739
