cost,emissions,reliability,social
0.4628694290,0.2387915720,0.1245960218,0.1737429772
