{
  "seed": 686997739,
  "objective": 0.01792412860680502,
  "rho": 0.875,
  "cr": 0.0,
  "score_delta": 32610273.774468027,
  "entropy_diff": 0.09639327114175542,
  "critic_diff": 0.10551091993459538,
  "merec_diff": 0.08957240043152058,
  "lopcow_diff": 0.1657553929922682,
  "mean_diff": 0.11627341767225538,
  "bayes_diff": 0.01792412860680502,
  "w_cost": 0.46286942899856803,
  "w_emissions": 0.23879157200123113,
  "w_reliability": 0.12459602179834639,
  "w_social": 0.17374297720185444
}