{
  "seed": 536068035,
  "objective": 0.09596351577720202,
  "rho": 1.0,
  "cr": 1.1102230246251565e-16,
  "score_delta": 0.491265321320586,
  "entropy_diff": 0.09596351577720202,
  "critic_diff": 0.10548406644063035,
  "merec_diff": 0.09850553753159305,
  "lopcow_diff": 0.1128663851865902,
  "mean_diff": 0.10716541525646525,
  "bayes_diff": 0.14891388549405676,
  "w_cost": 0.18279807898268025,
  "w_emissions": 0.26973998034121266,
  "w_reliability": 0.14281202662992656,
  "w_social": 0.40464991404618045
}