cost,emissions,reliability,social
0.1827980790,0.2697399803,0.1428120266,0.4046499140
