objective,rho,cr,score_delta,entropy_diff,critic_diff,merec_diff,lopcow_diff,mean_diff,bayes_diff,seed
0.0959635158,1.0000000000,0.0000000000,0.4912653213,0.0959635158,0.1054840664,0.0985055375,0.1128663852,0.1071654153,0.1489138855,536068035
