cost,emissions,reliability,social
0.1825940021,0.2521686254,0.4317975476,0.1334398249
