{
  "seed": 295359025,
  "objective": 0.09596351577720202,
  "rho": 1.0,
  "cr": 1.1102230246251565e-16,
  "score_delta": 0.3860851812619804,
  "entropy_diff": 0.09596351577720202,
  "critic_diff": 0.10548406644063035,
  "merec_diff": 0.0986075759668591,
  "lopcow_diff": 0.12651311464921683,
  "mean_diff": 0.11185151613417815,
  "bayes_diff": 0.15046190579459476,
  "w_cost": 0.18259400211214813,
  "w_emissions": 0.2521686254075441,
  "w_reliability": 0.4317975476058069,
  "w_social": 0.1334398248745008
}