objective,rho,cr,score_delta,entropy_diff,critic_diff,merec_diff,lopcow_diff,mean_diff,bayes_diff,seed
0.0959635158,1.0000000000,0.0000000000,0.3860851813,0.0959635158,0.1054840664,0.0986075760,0.1265131146,0.1118515161,0.1504619058,295359025
