{
  "seed": 944756512,
  "objective": 0.10551091993459535,
  "rho": 1.0,
  "cr": 2.220446049250313e-16,
  "score_delta": 0.6528767677287068,
  "entropy_diff": 0.10296291920445769,
  "critic_diff": 0.10551091993459535,
  "merec_diff": 0.11385613513717419,
  "lopcow_diff": 0.09034179887720287,
  "mean_diff": 0.1071428571428571,
  "bayes_diff": 0.16617878155108318,
  "w_cost": 0.1685284220741347,
  "w_emissions": 0.18442335887435873,
  "w_reliability": 0.23949136613021654,
  "w_social": 0.4075568529212899
}