objective,rho,cr,score_delta,entropy_diff,critic_diff,merec_diff,lopcow_diff,mean_diff,bayes_diff,seed
0.1055109199,1.0000000000,0.0000000000,0.6528767677,0.1029629192,0.1055109199,0.1138561351,0.0903417989,0.1071428571,0.1661787816,944756512
