cost,emissions,reliability,social
0.1685284221,0.1844233589,0.2394913661,0.4075568529
