objective,rho,cr,score_delta,entropy_diff,critic_diff,merec_diff,lopcow_diff,mean_diff,bayes_diff,seed
0.0959767869,1.0000000000,0.0000000000,0.5920473044,0.0959767869,0.1055109199,0.0987013462,0.0846281518,0.1071428571,0.1401584777,591899174
