cost,emissions,reliability,social
0.1888843776,0.4273228956,0.2299697444,0.1538229824
