cost,emissions,reliability,social
0.1825017567,0.3457395160,0.2513582920,0.2204004353
