objective,rho,cr,score_delta,entropy_diff,critic_diff,merec_diff,lopcow_diff,mean_diff,bayes_diff,seed
0.0959767869,1.0000000000,0.0000000000,0.5473077871,0.0959767869,0.1055109199,0.0955100358,0.1230285291,0.1071428571,0.1371788644,668726713
