Alternative,fuzzy_topsis_score,fuzzy_topsis_rank,vikor_score,vikor_rank,copras_score,copras_rank,moora_score,moora_rank
C2,0.9680891762,1.0000000000,0.0000000000,1.0000000000,1.0905926815,1.0000000000,0.0757466958,1.0000000000
C3,0.3821312178,2.0000000000,0.5092869939,2.0000000000,0.2666361640,2.0000000000,-0.2282733283,2.0000000000
C1,0.0248257494,3.0000000000,1.0000000000,3.0000000000,0.2077324835,3.0000000000,-0.4184367374,3.0000000000
