objective,rho,cr,score_delta,entropy_diff,critic_diff,merec_diff,lopcow_diff,mean_diff,bayes_diff,seed
0.0959635158,1.0000000000,0.0000000000,0.3852735947,0.0959635158,0.1054840664,0.0986122000,0.1653209285,0.1151097917,0.1537248054,789006562
