cost,emissions,reliability,social
0.1825847541,0.5192541711,0.1712378011,0.1269232737
