cost,emissions,reliability,social
0.4629554707,0.2226570520,0.1415891749,0.1727983023
