objective,rho,cr,score_delta,entropy_diff,critic_diff,merec_diff,lopcow_diff,mean_diff,bayes_diff,seed
0.0094500621,0.8750000000,0.0000000000,30717968.8929801546,0.0959635158,0.1054840664,0.0895493938,0.1654756684,0.1077768411,0.0094500621,118894287
