cost,emissions,reliability,social
0.4629409672,0.1909653621,0.2118101504,0.1342835202
