objective,rho,cr,score_delta,entropy_diff,critic_diff,merec_diff,lopcow_diff,mean_diff,bayes_diff,seed
0.0256604256,1.0000000000,0.0000000000,727872.8166154564,0.0959635158,0.1054840664,0.0944218729,0.1654684167,0.1114296685,0.0256604256,749424070
