{
  "seed": 749424070,
  "objective": 0.025660425625678038,
  "rho": 1.0,
  "cr": 2.220446049250313e-16,
  "score_delta": 727872.8166154564,
  "entropy_diff": 0.09596351577720205,
  "critic_diff": 0.10548406644063035,
  "merec_diff": 0.09442187288916473,
  "lopcow_diff": 0.16546841665969486,
  "mean_diff": 0.11142966845476954,
  "bayes_diff": 0.025660425625678038,
  "w_cost": 0.46294096723064504,
  "w_emissions": 0.1909653621152653,
  "w_reliability": 0.21181015042077161,
  "w_social": 0.13428352023331797
}