cost,emissions,reliability,social
0.4628132062,0.1975612901,0.1784385477,0.1611869560
