objective,rho,cr,score_delta,entropy_diff,critic_diff,merec_diff,lopcow_diff,mean_diff,bayes_diff,seed
0.0124674239,1.0000000000,0.0000000000,11711451.3393529113,0.0959767869,0.1055109199,0.0911715564,0.1648699535,0.1071428571,0.0124674239,412332466
