{
  "seed": 412332466,
  "objective": 0.012467423866054789,
  "rho": 1.0,
  "cr": 1.1102230246251565e-16,
  "score_delta": 11711451.339352911,
  "entropy_diff": 0.09597678692397074,
  "critic_diff": 0.10551091993459537,
  "merec_diff": 0.09117155641076759,
  "lopcow_diff": 0.1648699534569403,
  "mean_diff": 0.10714285714285711,
  "bayes_diff": 0.012467423866054789,
  "w_cost": 0.4628132061789458,
  "w_emissions": 0.19756129013960447,
  "w_reliability": 0.1784385476503083,
  "w_social": 0.16118695603114133
}