cost,emissions,reliability,social
0.1280336231,0.6519566158,0.1627324767,0.0572772844
