{
  "seed": 112569191,
  "objective": 0.10551091993459535,
  "rho": 1.0,
  "cr": 1.1102230246251565e-16,
  "score_delta": 0.652152800144085,
  "entropy_diff": 0.10246709530996347,
  "critic_diff": 0.10551091993459535,
  "merec_diff": 0.10519218963081005,
  "lopcow_diff": 0.11938178747589154,
  "mean_diff": 0.10714285714285707,
  "bayes_diff": 0.14832592750182932,
  "w_cost": 0.16952006986312315,
  "w_emissions": 0.4013172532838246,
  "w_reliability": 0.2782695128185587,
  "w_social": 0.15089316403449338
}