objective,rho,cr,score_delta,entropy_diff,critic_diff,merec_diff,lopcow_diff,mean_diff,bayes_diff,seed
0.1055109199,1.0000000000,0.0000000000,0.6521528001,0.1024670953,0.1055109199,0.1051921896,0.1193817875,0.1071428571,0.1483259275,112569191
