cost,emissions,reliability,social
0.1695200699,0.4013172533,0.2782695128,0.1508931640
