cost,emissions,reliability,social
0.4629700753,0.2211145286,0.1234445020,0.1924708942
