objective,rho,cr,score_delta,entropy_diff,critic_diff,merec_diff,lopcow_diff,mean_diff,bayes_diff,seed
0.0192416655,0.8750000000,0.0000000000,24628226.1821225621,0.0969844367,0.1054840664,0.0895493938,0.1654829707,0.1168491776,0.0192416655,554584786
