cost,emissions,reliability,social
0.1685374660,0.3193324044,0.2202773519,0.2918527777
