objective,rho,cr,score_delta,entropy_diff,critic_diff,merec_diff,lopcow_diff,mean_diff,bayes_diff,seed
0.1054840664,1.0000000000,0.0000000000,0.4182749359,0.1029868512,0.1054840664,0.1056358440,0.0741337225,0.1071428571,0.1472055557,759899441
