objective,rho,cr,score_delta,entropy_diff,critic_diff,merec_diff,lopcow_diff,mean_diff,bayes_diff,seed
0.0326586549,0.8750000000,0.0000000000,15853148.9358089231,0.0979654612,0.1054840664,0.0896250050,0.1633139721,0.1178302021,0.0326586549,680714526
