{
  "seed": 680714526,
  "objective": 0.032658654872534124,
  "rho": 0.875,
  "cr": 0.0,
  "score_delta": 15853148.935808923,
  "entropy_diff": 0.09796546121570528,
  "critic_diff": 0.10548406644063038,
  "merec_diff": 0.08962500495868272,
  "lopcow_diff": 0.16331397211947893,
  "mean_diff": 0.11783020207945083,
  "bayes_diff": 0.032658654872534124,
  "w_cost": 0.45863207815021323,
  "w_emissions": 0.2005590979762294,
  "w_reliability": 0.12148245298395548,
  "w_social": 0.21932637088960197
}