cost,emissions,reliability,social
0.4586320782,0.2005590980,0.1214824530,0.2193263709
