cost,emissions,reliability,social
0.1827045643,0.1979243782,0.2588450140,0.3605260436
