{
  "seed": 761139701,
  "objective": 0.09596351577720202,
  "rho": 1.0,
  "cr": 0.0,
  "score_delta": 0.43962895879476566,
  "entropy_diff": 0.09596351577720202,
  "critic_diff": 0.10548406644063035,
  "merec_diff": 0.09994526595700698,
  "lopcow_diff": 0.08373823784077049,
  "mean_diff": 0.1071428571428571,
  "bayes_diff": 0.15243634861128333,
  "w_cost": 0.18270456426135023,
  "w_emissions": 0.19792437820213382,
  "w_reliability": 0.2588450139750169,
  "w_social": 0.3605260435614989
}