objective,rho,cr,score_delta,entropy_diff,critic_diff,merec_diff,lopcow_diff,mean_diff,bayes_diff,seed
0.1054840664,1.0000000000,0.0000000000,0.3956946821,0.1029785294,0.1054840664,0.1056275223,0.1225318292,0.1146062815,0.1634767364,935939822
