cost,emissions,reliability,social
0.1685541095,0.4477066172,0.1279302942,0.2558089790
