{
  "seed": 935939822,
  "objective": 0.10548406644063034,
  "rho": 1.0,
  "cr": 2.220446049250313e-16,
  "score_delta": 0.3956946821245297,
  "entropy_diff": 0.10297852942997346,
  "critic_diff": 0.10548406644063034,
  "merec_diff": 0.10562752225019312,
  "lopcow_diff": 0.12253182921917218,
  "mean_diff": 0.11460628146609167,
  "bayes_diff": 0.16347673642228325,
  "w_cost": 0.1685541095454801,
  "w_emissions": 0.4477066172023086,
  "w_reliability": 0.12793029421067373,
  "w_social": 0.2558089790415375
}