objective,rho,cr,score_delta,entropy_diff,critic_diff,merec_diff,lopcow_diff,mean_diff,bayes_diff,seed
0.0091431016,0.8750000000,0.0000000000,18886642.8101105690,0.0959767869,0.1055109199,0.0895724004,0.1667214520,0.1074982187,0.0091431016,470520952
