cost,emissions,reliability,social
0.4628162838,0.2407768352,0.1542604614,0.1421464197
