cost,emissions,reliability,social
0.1685427790,0.2231689370,0.3854841669,0.2228041171
