{
  "seed": 124923679,
  "objective": 0.10548406644063034,
  "rho": 1.0,
  "cr": 1.1102230246251565e-16,
  "score_delta": 0.38082141445293133,
  "entropy_diff": 0.10298419468469508,
  "critic_diff": 0.10548406644063034,
  "merec_diff": 0.10563318750491474,
  "lopcow_diff": 0.08984296723610283,
  "mean_diff": 0.1071428571428571,
  "bayes_diff": 0.14720289919763394,
  "w_cost": 0.16854277903603684,
  "w_emissions": 0.22316893696602225,
  "w_reliability": 0.3854841668650453,
  "w_social": 0.2228041171328955
}