objective,rho,cr,score_delta,entropy_diff,critic_diff,merec_diff,lopcow_diff,mean_diff,bayes_diff,seed
0.1054840664,1.0000000000,0.0000000000,0.3808214145,0.1029841947,0.1054840664,0.1056331875,0.0898429672,0.1071428571,0.1472028992,124923679
