cost,emissions,reliability,social
0.0873373338,0.3104289496,0.4860166650,0.1162170516
