cost,emissions,reliability,social
0.1846678056,0.4472742983,0.1921097712,0.1759481248
