{
  "seed": 916348019,
  "objective": 0.09596351577720202,
  "rho": 1.0,
  "cr": 0.0,
  "score_delta": 0.36367893430953224,
  "entropy_diff": 0.09596351577720202,
  "critic_diff": 0.10548406644063035,
  "merec_diff": 0.09757067422832219,
  "lopcow_diff": 0.13037251781290463,
  "mean_diff": 0.1071428571428571,
  "bayes_diff": 0.13914038592104136,
  "w_cost": 0.184667805589222,
  "w_emissions": 0.4472742983460316,
  "w_reliability": 0.19210977123041803,
  "w_social": 0.1759481248343283
}