{
  "seed": 630832240,
  "objective": 0.01749800322974937,
  "rho": 0.875,
  "cr": 0.0,
  "score_delta": 21137829.501146004,
  "entropy_diff": 0.09920016036516552,
  "critic_diff": 0.10622775085296425,
  "merec_diff": 0.09013830095359879,
  "lopcow_diff": 0.1678648324079029,
  "mean_diff": 0.11906490122891111,
  "bayes_diff": 0.01749800322974937,
  "w_cost": 0.46773379872706117,
  "w_emissions": 0.23277509690966075,
  "w_reliability": 0.18047804967824316,
  "w_social": 0.11901305468503495
}