objective,rho,cr,score_delta,entropy_diff,critic_diff,merec_diff,lopcow_diff,mean_diff,bayes_diff,seed
0.0174980032,0.8750000000,0.0000000000,21137829.5011460036,0.0992001604,0.1062277509,0.0901383010,0.1678648324,0.1190649012,0.0174980032,630832240
