cost,emissions,reliability,social
0.4677337987,0.2327750969,0.1804780497,0.1190130547
