cost,emissions,reliability,social
0.4629483850,0.1575611377,0.2125230884,0.1669673889
