objective,rho,cr,score_delta,entropy_diff,critic_diff,merec_diff,lopcow_diff,mean_diff,bayes_diff,seed
0.0324960585,1.0000000000,0.0000000000,361037.3125246073,0.1084775031,0.1109695977,0.1111239851,0.1654721255,0.1071428571,0.0324960585,166972919
