cost,emissions,reliability,social
0.2801041238,0.1211225481,0.5818964284,0.0168768998
