{
  "seed": 255396303,
  "objective": 0.0,
  "rho": 1.0,
  "cr": 0.0,
  "w_cost": 0.06258855399755513,
  "w_emissions": 0.4677103720424621,
  "w_reliability": 0.35213564825603105,
  "w_social": 0.11756542570395184
}