cost,emissions,reliability,social
0.0625885540,0.4677103720,0.3521356483,0.1175654257
