{
  "seed": 546061460,
  "objective": 0.0,
  "rho": 1.0,
  "cr": 0.0,
  "w_cost": 0.4490075550952692,
  "w_emissions": 0.25921973487348304,
  "w_reliability": 0.09817363708955137,
  "w_social": 0.1935990729416964
}