cost,emissions,reliability,social
0.4490075551,0.2592197349,0.0981736371,0.1935990729
