objective,rho,cr,score_delta,entropy_diff,critic_diff,merec_diff,lopcow_diff,mean_diff,bayes_diff,seed
0.0302705750,0.8750000000,0.0000000000,24212611.5557116345,0.1087276295,0.1157552200,0.0996657701,0.1673929019,0.1285923704,0.0302705750,87709011
