cost,emissions,reliability,social
0.4629386102,0.2430442620,0.0999581164,0.1940590114
