{
  "seed": 674700659,
  "objective": 0.09597678692397074,
  "rho": 1.0,
  "cr": 0.0,
  "score_delta": 0.38931168287408224,
  "entropy_diff": 0.09597678692397074,
  "critic_diff": 0.1055109199345954,
  "merec_diff": 0.09869118847481952,
  "lopcow_diff": 0.10522111785081029,
  "mean_diff": 0.10714285714285711,
  "bayes_diff": 0.14183087374679032,
  "w_cost": 0.18252207217510427,
  "w_emissions": 0.259715069655457,
  "w_reliability": 0.15707917130716298,
  "w_social": 0.40068368686227573
}