cost,emissions,reliability,social
0.1825220722,0.2597150697,0.1570791713,0.4006836869
