cost,emissions,reliability,social
0.1685106747,0.3250153595,0.1222628218,0.3842111440
