objective,rho,cr,score_delta,entropy_diff,critic_diff,merec_diff,lopcow_diff,mean_diff,bayes_diff,seed
0.1055109199,1.0000000000,0.0000000000,0.4507242789,0.1045548771,0.1055109199,0.1056968872,0.1226292926,0.1174400177,0.1662447472,274245004
