objective,rho,cr,score_delta,entropy_diff,critic_diff,merec_diff,lopcow_diff,mean_diff,bayes_diff,seed
0.0895724004,1.0000000000,0.0000000000,0.3556851300,0.0972060538,0.1055109199,0.0895724004,0.1906109065,0.1256860140,0.1115205050,274843589
