cost,emissions,reliability,social
0.3058403860,0.4455316420,0.1241192632,0.1245087088
