{
  "seed": 772104891,
  "objective": 0.09596351577720202,
  "rho": 1.0,
  "cr": 2.220446049250313e-16,
  "score_delta": 0.3635584888700281,
  "entropy_diff": 0.09596351577720202,
  "critic_diff": 0.10548406644063034,
  "merec_diff": 0.09815045943969053,
  "lopcow_diff": 0.09984868980938919,
  "mean_diff": 0.1071428571428571,
  "bayes_diff": 0.1397201711324097,
  "w_cost": 0.1835082351664853,
  "w_emissions": 0.22866568968455286,
  "w_reliability": 0.3905301558811695,
  "w_social": 0.19729591926779216
}