cost,emissions,reliability,social
0.1835082352,0.2286656897,0.3905301559,0.1972959193
