cost,emissions,reliability,social
0.2570411390,0.4002019459,0.1303902659,0.2123666492
