objective,rho,cr,score_delta,entropy_diff,critic_diff,merec_diff,lopcow_diff,mean_diff,bayes_diff,seed
0.0895724004,1.0000000000,0.0000000000,0.3583872576,0.0959767869,0.1055109199,0.0895724004,0.1435464350,0.1133762956,0.1179157930,484427562
