{
  "seed": 768753119,
  "objective": 0.09597678692397074,
  "rho": 1.0,
  "cr": 0.0,
  "score_delta": 0.49349479094905113,
  "entropy_diff": 0.09597678692397074,
  "critic_diff": 0.10551091993459537,
  "merec_diff": 0.09465736640246984,
  "lopcow_diff": 0.09258429773792387,
  "mean_diff": 0.1071428571428571,
  "bayes_diff": 0.13996899383462533,
  "w_cost": 0.1905897163198036,
  "w_emissions": 0.21478164006160558,
  "w_reliability": 0.20464808722152772,
  "w_social": 0.389980556397063
}