cost,emissions,reliability,social
0.1905897163,0.2147816401,0.2046480872,0.3899805564
