cost,emissions,reliability,social
0.1825539555,0.3018225365,0.3700857168,0.1455377912
