{
  "seed": 656803934,
  "objective": 0.09597678692397074,
  "rho": 1.0,
  "cr": 0.0,
  "score_delta": 0.8141788179177755,
  "entropy_diff": 0.09597678692397074,
  "critic_diff": 0.1055109199345954,
  "merec_diff": 0.09867524680274925,
  "lopcow_diff": 0.1220594739169846,
  "mean_diff": 0.10714285714285712,
  "bayes_diff": 0.14448667111486155,
  "w_cost": 0.18255395551924483,
  "w_emissions": 0.30182253654819713,
  "w_reliability": 0.3700857167802507,
  "w_social": 0.14553779115230733
}