objective,rho,cr,score_delta,entropy_diff,critic_diff,merec_diff,lopcow_diff,mean_diff,bayes_diff,seed
0.0959767869,1.0000000000,0.0000000000,0.8141788179,0.0959767869,0.1055109199,0.0986752468,0.1220594739,0.1071428571,0.1444866711,656803934
