{
  "seed": 107276645,
  "objective": 0.007741348041801252,
  "rho": 0.875,
  "cr": 0.0,
  "score_delta": 20293336.811162286,
  "entropy_diff": 0.09597678692397077,
  "critic_diff": 0.10551091993459538,
  "merec_diff": 0.08957240043152058,
  "lopcow_diff": 0.16518461323730793,
  "mean_diff": 0.10714285714285714,
  "bayes_diff": 0.007741348041801252,
  "w_cost": 0.46254611331950773,
  "w_emissions": 0.23797332817037092,
  "w_reliability": 0.14928474810170475,
  "w_social": 0.1501958104084166
}