cost,emissions,reliability,social
0.4625461133,0.2379733282,0.1492847481,0.1501958104
