objective,rho,cr,score_delta,entropy_diff,critic_diff,merec_diff,lopcow_diff,mean_diff,bayes_diff,seed
0.0077413480,0.8750000000,0.0000000000,20293336.8111622855,0.0959767869,0.1055109199,0.0895724004,0.1651846132,0.1071428571,0.0077413480,107276645
