cost,emissions,reliability,social
0.2000667924,0.2317977525,0.4240843109,0.1440511443
