cost,emissions,reliability,social
0.1825017260,0.2111134320,0.2513455938,0.3550392482
