Alternative,fuzzy_topsis_score,fuzzy_topsis_rank,vikor_score,vikor_rank,copras_score,copras_rank,moora_score,moora_rank
C2,0.9423767490,1.0000000000,0.0000000000,1.0000000000,1.1651535936,1.0000000000,0.2010663132,1.0000000000
C3,0.3983315794,2.0000000000,0.4682443369,2.0000000000,0.4372500637,2.0000000000,0.0214786511,2.0000000000
C1,0.0448293155,3.0000000000,1.0000000000,3.0000000000,0.3505573777,3.0000000000,-0.0989060273,3.0000000000
