cost,emissions,reliability,social
0.1825066065,0.2032320846,0.2558262454,0.3584350635
