objective,rho,cr,score_delta,entropy_diff,critic_diff,merec_diff,lopcow_diff,mean_diff,bayes_diff,seed
0.0959767869,1.0000000000,0.0000000000,0.6439972791,0.0959767869,0.1055109199,0.0986989213,0.0805865961,0.1071428571,0.1497853264,352743231
