{
  "seed": 352743231,
  "objective": 0.09597678692397074,
  "rho": 1.0,
  "cr": 1.1102230246251565e-16,
  "score_delta": 0.6439972790961137,
  "entropy_diff": 0.09597678692397074,
  "critic_diff": 0.10551091993459538,
  "merec_diff": 0.09869892129044376,
  "lopcow_diff": 0.08058659606882561,
  "mean_diff": 0.1071428571428571,
  "bayes_diff": 0.14978532644196746,
  "w_cost": 0.18250660654385575,
  "w_emissions": 0.20323208462286915,
  "w_reliability": 0.2558262453509613,
  "w_social": 0.3584350634823137
}