cost,emissions,reliability,social
0.1839252030,0.2618542902,0.2607813551,0.2934391517
