{
  "seed": 596941015,
  "objective": 0.09597678692397074,
  "rho": 1.0,
  "cr": 0.0,
  "score_delta": 0.6333962134774247,
  "entropy_diff": 0.09597678692397074,
  "critic_diff": 0.10551091993459538,
  "merec_diff": 0.09798962308002238,
  "lopcow_diff": 0.06366418050516143,
  "mean_diff": 0.1071428571428571,
  "bayes_diff": 0.13944675449959648,
  "w_cost": 0.18392520296469853,
  "w_emissions": 0.2618542902484355,
  "w_reliability": 0.26078135511989964,
  "w_social": 0.29343915166696627
}