cost,emissions,reliability,social
0.4629502616,0.2391204740,0.1418893914,0.1560398730
