{
  "seed": 863443663,
  "objective": 0.00929995388531267,
  "rho": 0.875,
  "cr": 0.0,
  "score_delta": 40320940.35580764,
  "entropy_diff": 0.09596351577720205,
  "critic_diff": 0.10548406644063035,
  "merec_diff": 0.08954939378098156,
  "lopcow_diff": 0.16547306384688282,
  "mean_diff": 0.10762673287203345,
  "bayes_diff": 0.00929995388531267,
  "w_cost": 0.462950261605021,
  "w_emissions": 0.23912047395761704,
  "w_reliability": 0.14188939139879023,
  "w_social": 0.1560398730385717
}