objective,rho,cr,score_delta,entropy_diff,critic_diff,merec_diff,lopcow_diff,mean_diff,bayes_diff,seed
0.0092999539,0.8750000000,0.0000000000,40320940.3558076397,0.0959635158,0.1054840664,0.0895493938,0.1654730638,0.1076267329,0.0092999539,863443663
