cost,emissions,reliability,social
0.5320425470,0.1321761800,0.0768169886,0.2589642844
