cost,emissions,reliability,social
0.4628798794,0.1563866453,0.2087124230,0.1720210523
