objective,rho,cr,score_delta,entropy_diff,critic_diff,merec_diff,lopcow_diff,mean_diff,bayes_diff,seed
0.0331175575,1.0000000000,0.0000000000,2343929.7927545425,0.1090647493,0.1115568439,0.1117112313,0.1654378727,0.1071428571,0.0331175575,766283525
