{
  "seed": 196973079,
  "objective": 0.09596351577720202,
  "rho": 1.0,
  "cr": 0.0,
  "score_delta": 0.44741984246181565,
  "entropy_diff": 0.09596351577720202,
  "critic_diff": 0.10548406644063034,
  "merec_diff": 0.0985723543669729,
  "lopcow_diff": 0.08113041523987609,
  "mean_diff": 0.1071428571428571,
  "bayes_diff": 0.1401420660596921,
  "w_cost": 0.18266444531192053,
  "w_emissions": 0.25253980422521377,
  "w_reliability": 0.20628396652335476,
  "w_social": 0.35851178393951083
}