cost,emissions,reliability,social
0.1826644453,0.2525398042,0.2062839665,0.3585117839
