objective,rho,cr,score_delta,entropy_diff,critic_diff,merec_diff,lopcow_diff,mean_diff,bayes_diff,seed
0.0259495210,0.8750000000,0.0000000000,20272106.3169338740,0.1002757841,0.1073033746,0.0912139247,0.1653035267,0.1201405250,0.0259495210,107740945
