cost,emissions,reliability,social
0.4626111873,0.2146189025,0.1168618071,0.2059081031
