objective,rho,cr,score_delta,entropy_diff,critic_diff,merec_diff,lopcow_diff,mean_diff,bayes_diff,seed
0.0208925938,0.8750000000,0.0000000000,22311904.9596294202,0.0959767869,0.1055109199,0.0895724004,0.1784701643,0.1135890460,0.0208925938,1549013
