cost,emissions,reliability,social
0.4628147240,0.2642758197,0.1429446913,0.1299647650
