cost,emissions,reliability,social
0.1825132503,0.1860777161,0.4473309965,0.1840780371
