objective,rho,cr,score_delta,entropy_diff,critic_diff,merec_diff,lopcow_diff,mean_diff,bayes_diff,seed
0.0959767869,1.0000000000,0.0000000000,0.9826172546,0.0959767869,0.1055109199,0.1060365424,0.1282889508,0.1071428571,0.1583591888,273088369
