{
  "seed": 273088369,
  "objective": 0.09597678692397074,
  "rho": 1.0,
  "cr": 0.0,
  "score_delta": 0.9826172546349312,
  "entropy_diff": 0.09597678692397074,
  "critic_diff": 0.10551091993459538,
  "merec_diff": 0.10603654240817319,
  "lopcow_diff": 0.12828895078250974,
  "mean_diff": 0.1071428571428571,
  "bayes_diff": 0.15835918882208222,
  "w_cost": 0.18251325032079693,
  "w_emissions": 0.18607771608569854,
  "w_reliability": 0.44733099650774844,
  "w_social": 0.18407803708575604
}