objective,rho,cr,score_delta,entropy_diff,critic_diff,merec_diff,lopcow_diff,mean_diff,bayes_diff,seed
0.0102213350,1.0000000000,0.0000000000,12813138.6930133235,0.0959767869,0.1055109199,0.0895724004,0.1648880917,0.1116695751,0.0102213350,781682162
