cost,emissions,reliability,social
0.4628494827,0.2283832631,0.1749635472,0.1338037070
