objective,rho,cr,score_delta,entropy_diff,critic_diff,merec_diff,lopcow_diff,mean_diff,bayes_diff,seed
0.0017088434,0.8750000000,0.0000000000,18049620.2191267423,0.0959767869,0.1055109199,0.0895724004,0.1648899885,0.1071428571,0.0017088434,604987990
