{
  "seed": 604987990,
  "objective": 0.001708843434608552,
  "rho": 0.875,
  "cr": 0.0,
  "score_delta": 18049620.219126742,
  "entropy_diff": 0.09597678692397074,
  "critic_diff": 0.1055109199345954,
  "merec_diff": 0.08957240043152057,
  "lopcow_diff": 0.1648899885160577,
  "mean_diff": 0.10714285714285711,
  "bayes_diff": 0.001708843434608552,
  "w_cost": 0.46285327629718065,
  "w_emissions": 0.22197377772081273,
  "w_reliability": 0.15754344650869495,
  "w_social": 0.15762949947331165
}