cost,emissions,reliability,social
0.4628532763,0.2219737777,0.1575434465,0.1576294995
