cost,emissions,reliability,social
0.1884613362,0.3831150022,0.2954865857,0.1329370758
