{
  "seed": 433779027,
  "objective": 0.09596351577720202,
  "rho": 1.0,
  "cr": 1.1102230246251565e-16,
  "score_delta": 0.3884931533554212,
  "entropy_diff": 0.09596351577720202,
  "critic_diff": 0.10548406644063034,
  "merec_diff": 0.09567390890336466,
  "lopcow_diff": 0.12676448916696129,
  "mean_diff": 0.11210289065192258,
  "bayes_diff": 0.14777961324884475,
  "w_cost": 0.18846133623913702,
  "w_emissions": 0.3831150022258006,
  "w_reliability": 0.2954865856960504,
  "w_social": 0.1329370758390119
}