objective,rho,cr,score_delta,entropy_diff,critic_diff,merec_diff,lopcow_diff,mean_diff,bayes_diff,seed
0.0959635158,1.0000000000,0.0000000000,0.3884931534,0.0959635158,0.1054840664,0.0956739089,0.1267644892,0.1121028907,0.1477796132,433779027
