cost,emissions,reliability,social
0.4578567978,0.2282410195,0.1491854900,0.1647166927
