objective,rho,cr,score_delta,entropy_diff,critic_diff,merec_diff,lopcow_diff,mean_diff,bayes_diff,seed
0.0895724004,0.8750000000,0.0000000000,19860770.1410252638,0.0959767869,0.1055109199,0.0895724004,0.1623917493,0.1071428571,0.0081103516,465119199
