{
  "seed": 153296778,
  "objective": 0.09597678692397071,
  "rho": 1.0,
  "cr": 2.220446049250313e-16,
  "score_delta": 0.6573848965674173,
  "entropy_diff": 0.09597678692397071,
  "critic_diff": 0.10551091993459535,
  "merec_diff": 0.09716608818869303,
  "lopcow_diff": 0.06366418050516141,
  "mean_diff": 0.1071428571428571,
  "bayes_diff": 0.13862321960826712,
  "w_cost": 0.1855722727473572,
  "w_emissions": 0.2506114326639005,
  "w_reliability": 0.2726913082334687,
  "w_social": 0.29112498635527345
}