objective,rho,cr,score_delta,entropy_diff,critic_diff,merec_diff,lopcow_diff,mean_diff,bayes_diff,seed
0.0959767869,1.0000000000,0.0000000000,0.6573848966,0.0959767869,0.1055109199,0.0971660882,0.0636641805,0.1071428571,0.1386232196,153296778
