cost,emissions,reliability,social
0.1855722727,0.2506114327,0.2726913082,0.2911249864
