cost,emissions,reliability,social
0.1685207422,0.4546083394,0.1612306795,0.2156402389
