cost,emissions,reliability,social
0.3280028448,0.2481074406,0.1749779246,0.2489117900
