cost,emissions,reliability,social
0.1685587048,0.2384664680,0.1993673643,0.3936074628
