objective,rho,cr,score_delta,entropy_diff,critic_diff,merec_diff,lopcow_diff,mean_diff,bayes_diff,seed
0.1055109199,1.0000000000,0.0000000000,0.5365394041,0.1029477778,0.1055109199,0.1056728721,0.0840770213,0.1071428571,0.1471300036,214276650
