{
  "seed": 214276650,
  "objective": 0.10551091993459537,
  "rho": 1.0,
  "cr": 0.0,
  "score_delta": 0.5365394041067193,
  "entropy_diff": 0.10294777782774278,
  "critic_diff": 0.10551091993459537,
  "merec_diff": 0.10567287214858936,
  "lopcow_diff": 0.08407702134357387,
  "mean_diff": 0.10714285714285711,
  "bayes_diff": 0.14713000356816347,
  "w_cost": 0.16855870482756455,
  "w_emissions": 0.23846646800791557,
  "w_reliability": 0.1993673643216358,
  "w_social": 0.393607462842884
}