cost,emissions,reliability,social
0.2757122574,0.2970037255,0.3263310678,0.1009529493
