cost,emissions,reliability,social
0.1842199185,0.2694836533,0.1954752057,0.3508212225
