objective,rho,cr,score_delta,entropy_diff,critic_diff,merec_diff,lopcow_diff,mean_diff,bayes_diff,seed
0.0959767869,1.0000000000,0.0000000000,0.4786565266,0.0959767869,0.1055109199,0.0978422653,0.0860231006,0.1071428571,0.1392993967,557716440
