{
  "seed": 557716440,
  "objective": 0.09597678692397074,
  "rho": 1.0,
  "cr": 0.0,
  "score_delta": 0.47865652661567204,
  "entropy_diff": 0.09597678692397074,
  "critic_diff": 0.10551091993459538,
  "merec_diff": 0.09784226530549339,
  "lopcow_diff": 0.08602310064267259,
  "mean_diff": 0.10714285714285712,
  "bayes_diff": 0.1392993967250675,
  "w_cost": 0.18421991851375652,
  "w_emissions": 0.26948365330972335,
  "w_reliability": 0.19547520572343838,
  "w_social": 0.3508212224530817
}