objective,rho,cr,score_delta,entropy_diff,critic_diff,merec_diff,lopcow_diff,mean_diff,bayes_diff,seed
0.1055109199,1.0000000000,0.0000000000,0.6358261768,0.1029037068,0.1055109199,0.1091612537,0.0885652658,0.1071428571,0.1614839001,225567857
