cost,emissions,reliability,social
0.1686468469,0.1936946970,0.2337730941,0.4038853620
