{
  "seed": 225567857,
  "objective": 0.10551091993459538,
  "rho": 1.0,
  "cr": 1.1102230246251565e-16,
  "score_delta": 0.6358261767745477,
  "entropy_diff": 0.10290370681046111,
  "critic_diff": 0.10551091993459538,
  "merec_diff": 0.10916125366161047,
  "lopcow_diff": 0.08856526578937374,
  "mean_diff": 0.1071428571428571,
  "bayes_diff": 0.1614839000755195,
  "w_cost": 0.16864684686212786,
  "w_emissions": 0.193694697037493,
  "w_reliability": 0.23377309414274056,
  "w_social": 0.40388536195763847
}