{
  "seed": 379541152,
  "objective": 0.0,
  "rho": 1.0,
  "cr": 0.0,
  "w_cost": 0.3255376816983123,
  "w_emissions": 0.10483137831082755,
  "w_reliability": 0.36575978102860934,
  "w_social": 0.20387115896225083
}