cost,emissions,reliability,social
0.1825923501,0.2947287556,0.3151950612,0.2074838332
