{
  "seed": 893121121,
  "objective": 0.09596351577720202,
  "rho": 1.0,
  "cr": 0.0,
  "score_delta": 0.366219455966726,
  "entropy_diff": 0.09596351577720202,
  "critic_diff": 0.10548406644063034,
  "merec_diff": 0.09861223636032945,
  "lopcow_diff": 0.1180546647862791,
  "mean_diff": 0.1071428571428571,
  "bayes_diff": 0.1467034870659804,
  "w_cost": 0.18258468132520747,
  "w_emissions": 0.20950998422888242,
  "w_reliability": 0.4278656596762272,
  "w_social": 0.1800396747696828
}