cost,emissions,reliability,social
0.1825846813,0.2095099842,0.4278656597,0.1800396748
