objective,rho,cr,score_delta,entropy_diff,critic_diff,merec_diff,lopcow_diff,mean_diff,bayes_diff,seed
0.0959635158,1.0000000000,0.0000000000,0.3662194560,0.0959635158,0.1054840664,0.0986122364,0.1180546648,0.1071428571,0.1467034871,893121121
