cost,emissions,reliability,social
0.4998924510,0.1374043883,0.2287856706,0.1339174901
