cost,emissions,reliability,social
0.3394848852,0.3986975359,0.1887978902,0.0730196887
