{
  "seed": 465119199,
  "objective": 0.0,
  "rho": 1.0,
  "cr": 0.0,
  "w_cost": 0.3394848851658989,
  "w_emissions": 0.3986975359175758,
  "w_reliability": 0.18879789022877475,
  "w_social": 0.07301968868775059
}