{
  "seed": 398038803,
  "objective": 0.0,
  "rho": 1.0,
  "cr": 0.0,
  "w_cost": 0.1031140141647013,
  "w_emissions": 0.16229104178494144,
  "w_reliability": 0.4903133576615143,
  "w_social": 0.24428158638884306
}