cost,emissions,reliability,social
0.1031140142,0.1622910418,0.4903133577,0.2442815864
