cost,emissions,reliability,social
0.1825071400,0.3532771569,0.3065512611,0.1576644420
