cost,emissions,reliability,social
0.4054791366,0.1911831024,0.2078567589,0.1954810021
