Alternative,fuzzy_topsis_score,fuzzy_topsis_rank,vikor_score,vikor_rank,copras_score,copras_rank,moora_score,moora_rank
C2,0.8843839322,1.0000000000,0.0000000000,1.0000000000,1.0861214800,1.0000000000,-0.0340913066,1.0000000000
C3,0.4348705021,2.0000000000,0.2073229555,2.0000000000,0.4981778482,2.0000000000,-0.2350719661,2.0000000000
C1,0.0899461431,3.0000000000,1.0000000000,3.0000000000,0.3770817759,3.0000000000,-0.3889573486,3.0000000000
