cost,emissions,reliability,social
0.3859829509,0.1949881804,0.2063968546,0.2126320140
