cost,emissions,reliability,social
0.1827498374,0.2064698776,0.2001561325,0.4106241525
