objective,rho,cr,score_delta,entropy_diff,critic_diff,merec_diff,lopcow_diff,mean_diff,bayes_diff,seed
0.0959767869,1.0000000000,0.0000000000,0.0446837782,0.0959767869,0.1055109199,0.0924581113,0.1264548258,0.1071428571,0.0521691064,925358039
