Alternative,fuzzy_topsis_score,fuzzy_topsis_rank,vikor_score,vikor_rank,copras_score,copras_rank,moora_score,moora_rank
C2,0.9411389324,1.0000000000,0.0000000000,1.0000000000,1.1132035911,1.0000000000,0.0833298100,1.0000000000
C3,0.3991114756,2.0000000000,0.4233135324,2.0000000000,0.3892313543,2.0000000000,-0.1501035965,2.0000000000
C1,0.0457923030,3.0000000000,1.0000000000,3.0000000000,0.3014720319,3.0000000000,-0.3070768355,3.0000000000
