{
  "seed": 829428614,
  "objective": 0.028621539472120504,
  "rho": 1.0,
  "cr": 0.0,
  "score_delta": 0.18749221504968697,
  "entropy_diff": 0.11022808825513158,
  "critic_diff": 0.11725567874293032,
  "merec_diff": 0.10116622884356485,
  "lopcow_diff": 0.16537661340761967,
  "mean_diff": 0.13009282911887715,
  "bayes_diff": 0.028621539472120504,
  "w_cost": 0.46275736072649465,
  "w_emissions": 0.22673060925749067,
  "w_reliability": 0.21355483111091184,
  "w_social": 0.09695719890510279
}