objective,rho,cr,score_delta,entropy_diff,critic_diff,merec_diff,lopcow_diff,mean_diff,bayes_diff,seed
0.0286215395,1.0000000000,0.0000000000,0.1874922150,0.1102280883,0.1172556787,0.1011662288,0.1653766134,0.1300928291,0.0286215395,829428614
