cost,emissions,reliability,social
0.4627573607,0.2267306093,0.2135548311,0.0969571989
