objective,rho,cr,score_delta,entropy_diff,critic_diff,merec_diff,lopcow_diff,mean_diff,bayes_diff,seed
0.0959767869,1.0000000000,0.0000000000,0.5304019068,0.0959767869,0.1055109199,0.0952744486,0.1457575115,0.1071428571,0.1367315801,624416423
