cost,emissions,reliability,social
0.1893555518,0.4723096862,0.1806894041,0.1576453579
