{
  "seed": 624416423,
  "objective": 0.09597678692397074,
  "rho": 1.0,
  "cr": 0.0,
  "score_delta": 0.5304019067775302,
  "entropy_diff": 0.09597678692397074,
  "critic_diff": 0.10551091993459535,
  "merec_diff": 0.09527444864905339,
  "lopcow_diff": 0.1457575114819448,
  "mean_diff": 0.10714285714285712,
  "bayes_diff": 0.1367315800686275,
  "w_cost": 0.1893555518266365,
  "w_emissions": 0.47230968615251584,
  "w_reliability": 0.1806894040806236,
  "w_social": 0.157645357940224
}