cost,emissions,reliability,social
0.0940111136,0.3368896162,0.2688007094,0.3002985607
