objective,rho,cr,score_delta,entropy_diff,critic_diff,merec_diff,lopcow_diff,mean_diff,bayes_diff,seed
0.0636641805,1.0000000000,0.0000000000,0.8467657660,0.1402215734,0.1427574472,0.1429466677,0.0636641805,0.1315658718,0.1844037992,675831337
