cost,emissions,reliability,social
0.1694795509,0.1880052337,0.4806570132,0.1618582023
