objective,rho,cr,score_delta,entropy_diff,critic_diff,merec_diff,lopcow_diff,mean_diff,bayes_diff,seed
0.1054840664,1.0000000000,0.0000000000,0.3836877222,0.1025158087,0.1054840664,0.1115173449,0.1378977763,0.1071428571,0.1640084276,331568997
