cost,emissions,reliability,social
0.1826425257,0.3434698650,0.2124167132,0.2614708961
