{
  "seed": 709175944,
  "objective": 0.09596351577720202,
  "rho": 1.0,
  "cr": 1.1102230246251565e-16,
  "score_delta": 0.381529372879907,
  "entropy_diff": 0.09596351577720202,
  "critic_diff": 0.10548406644063035,
  "merec_diff": 0.09858331415832394,
  "lopcow_diff": 0.07806404190079085,
  "mean_diff": 0.1071428571428571,
  "bayes_diff": 0.14015302585104314,
  "w_cost": 0.18264252572921844,
  "w_emissions": 0.34346986497432463,
  "w_reliability": 0.21241671320152528,
  "w_social": 0.26147089609493157
}