cost,emissions,reliability,social
0.4204801237,0.1902860583,0.1979515894,0.1912822286
