cost,emissions,reliability,social
0.1825009698,0.4006991467,0.2200265922,0.1967732913
