Alternative,fuzzy_topsis_score,fuzzy_topsis_rank,vikor_score,vikor_rank,copras_score,copras_rank,moora_score,moora_rank
C2,0.8810824141,1.0000000000,0.0205234011,1.0000000000,1.0815916365,1.0000000000,-0.0477303325,1.0000000000
C3,0.4369506548,2.0000000000,0.1792770887,2.0000000000,0.4995790883,2.0000000000,-0.2497637100,2.0000000000
C1,0.0925146340,3.0000000000,1.0000000000,3.0000000000,0.3771945459,3.0000000000,-0.4055057216,3.0000000000
