objective,rho,cr,score_delta,entropy_diff,critic_diff,merec_diff,lopcow_diff,mean_diff,bayes_diff,seed
0.1055109199,1.0000000000,0.0000000000,0.6023122852,0.1029588595,0.1055109199,0.1056839538,0.0700699848,0.1071428571,0.1471410852,701355845
