cost,emissions,reliability,social
0.1685365415,0.2530179835,0.2273814375,0.3510640375
