objective,rho,cr,score_delta,entropy_diff,critic_diff,merec_diff,lopcow_diff,mean_diff,bayes_diff,seed
0.1054840664,1.0000000000,0.0000000000,0.3971315399,0.1026623267,0.1054840664,0.1053113196,0.1020067341,0.1071428571,0.1468810313,167719341
