{
  "seed": 167719341,
  "objective": 0.10548406644063035,
  "rho": 1.0,
  "cr": 0.0,
  "score_delta": 0.3971315398655716,
  "entropy_diff": 0.10266232674544148,
  "critic_diff": 0.10548406644063035,
  "merec_diff": 0.10531131956566113,
  "lopcow_diff": 0.1020067340766786,
  "mean_diff": 0.10714285714285712,
  "bayes_diff": 0.1468810312583803,
  "w_cost": 0.16918651491454412,
  "w_emissions": 0.40602402154825745,
  "w_reliability": 0.24004145096234314,
  "w_social": 0.18474801257485526
}