cost,emissions,reliability,social
0.1691865149,0.4060240215,0.2400414510,0.1847480126
