cost,emissions,reliability,social
0.2380272519,0.3761277645,0.1633557456,0.2224892379
