objective,rho,cr,score_delta,entropy_diff,critic_diff,merec_diff,lopcow_diff,mean_diff,bayes_diff,seed
0.0959767869,1.0000000000,0.0000000000,0.3997545792,0.0959767869,0.1055109199,0.0895724004,0.1220024007,0.1071428571,0.1123957300,120840649
