cost,emissions,reliability,social
0.1832657125,0.2251635346,0.2655689308,0.3260018221
