objective,rho,cr,score_delta,entropy_diff,critic_diff,merec_diff,lopcow_diff,mean_diff,bayes_diff,seed
0.0225246847,0.8750000000,0.0000000000,26157329.8367502838,0.0959767869,0.1055109199,0.0895724004,0.1801042493,0.1151793568,0.0225246847,165987865
