cost,emissions,reliability,social
0.4628761349,0.2674825786,0.1304088395,0.1392324469
