{
  "seed": 51933624,
  "objective": 0.020568513573836423,
  "rho": 0.875,
  "cr": 0.0,
  "score_delta": 18280126.664482906,
  "entropy_diff": 0.10009415226804481,
  "critic_diff": 0.1069861658103808,
  "merec_diff": 0.09071580690906536,
  "lopcow_diff": 0.17814333555828815,
  "mean_diff": 0.11986003611210111,
  "bayes_diff": 0.020568513573836423,
  "w_cost": 0.46280922689739784,
  "w_emissions": 0.2636276592344413,
  "w_reliability": 0.156140328949506,
  "w_social": 0.11742278491865495
}