cost,emissions,reliability,social
0.4628092269,0.2636276592,0.1561403289,0.1174227849
