objective,rho,cr,score_delta,entropy_diff,critic_diff,merec_diff,lopcow_diff,mean_diff,bayes_diff,seed
0.0205685136,0.8750000000,0.0000000000,18280126.6644829065,0.1000941523,0.1069861658,0.0907158069,0.1781433356,0.1198600361,0.0205685136,51933624
