cost,emissions,reliability,social
0.0000000000,0.3002034217,0.2327749488,0.4670216295
