{
  "seed": 569388250,
  "objective": 0.0,
  "rho": 1.0,
  "cr": 0.0,
  "w_cost": 0.0,
  "w_emissions": 0.30020342174632314,
  "w_reliability": 0.23277494876389698,
  "w_social": 0.4670216294897799
}