cost,emissions,reliability,social
0.1834387589,0.3629402847,0.2662611359,0.1873598205
