{
  "seed": 828217867,
  "objective": 0.09596351577720202,
  "rho": 1.0,
  "cr": 2.220446049250313e-16,
  "score_delta": 0.37751430614990045,
  "entropy_diff": 0.09596351577720202,
  "critic_diff": 0.10548406644063034,
  "merec_diff": 0.09818519758156996,
  "lopcow_diff": 0.0995531168295147,
  "mean_diff": 0.1071428571428571,
  "bayes_diff": 0.13975490927428916,
  "w_cost": 0.18343875888272643,
  "w_emissions": 0.36294028470068934,
  "w_reliability": 0.2662611359026791,
  "w_social": 0.18735982051390504
}