cost,emissions,reliability,social
0.0000000000,0.3617237764,0.3996173619,0.2386588617
