{
  "seed": 460560606,
  "objective": 0.0,
  "rho": 1.0,
  "cr": 0.0,
  "w_cost": 0.0,
  "w_emissions": 0.36172377638905995,
  "w_reliability": 0.39961736192357233,
  "w_social": 0.23865886168736766
}