{
  "seed": 363629857,
  "objective": 0.010003730658452663,
  "rho": 0.875,
  "cr": 0.0,
  "score_delta": 20330826.692570794,
  "entropy_diff": 0.09597678692397076,
  "critic_diff": 0.10551091993459541,
  "merec_diff": 0.08957240043152058,
  "lopcow_diff": 0.1675466407716398,
  "mean_diff": 0.10714285714285712,
  "bayes_diff": 0.010003730658452663,
  "w_cost": 0.4627454031548687,
  "w_emissions": 0.24249809340367376,
  "w_reliability": 0.1492280570586338,
  "w_social": 0.1455284463828238
}