cost,emissions,reliability,social
0.4627454032,0.2424980934,0.1492280571,0.1455284464
