objective,rho,cr,score_delta,entropy_diff,critic_diff,merec_diff,lopcow_diff,mean_diff,bayes_diff,seed
0.0225590961,0.8750000000,0.0000000000,41666666.8302697986,0.0973700257,0.1054840664,0.0895493938,0.1797113818,0.1172347665,0.0225590961,121832504
