cost,emissions,reliability,social
0.4633356059,0.2672842260,0.1467068440,0.1226733241
