cost,emissions,reliability,social
0.1709047502,0.1759053265,0.5124579585,0.1407319648
