objective,rho,cr,score_delta,entropy_diff,critic_diff,merec_diff,lopcow_diff,mean_diff,bayes_diff,seed
0.1055109199,1.0000000000,0.0000000000,1.1042778756,0.1050749218,0.1055109199,0.1169269873,0.1550481817,0.1082054462,0.1760068398,533472115
