{
  "seed": 533472115,
  "objective": 0.10551091993459538,
  "rho": 1.0,
  "cr": 0.0,
  "score_delta": 1.1042778756254068,
  "entropy_diff": 0.10507492181047542,
  "critic_diff": 0.10551091993459538,
  "merec_diff": 0.11692698726622647,
  "lopcow_diff": 0.15504818171536194,
  "mean_diff": 0.10820544618159669,
  "bayes_diff": 0.17600683975899548,
  "w_cost": 0.17090475016430245,
  "w_emissions": 0.17590532652608645,
  "w_reliability": 0.5124579585299474,
  "w_social": 0.1407319647796637
}