cost,emissions,reliability,social
0.4629269901,0.2354227059,0.1697078390,0.1319424649
