objective,rho,cr,score_delta,entropy_diff,critic_diff,merec_diff,lopcow_diff,mean_diff,bayes_diff,seed
0.0110440918,0.8750000000,0.0000000000,27982239.9066824615,0.0959635158,0.1054840664,0.0895493938,0.1654614281,0.1126001961,0.0110440918,202738313
