{
  "seed": 8944703,
  "objective": 0.04411783703636046,
  "rho": 1.0,
  "cr": 0.0,
  "score_delta": 11554342.158283643,
  "entropy_diff": 0.12580019329504086,
  "critic_diff": 0.13269220683737684,
  "merec_diff": 0.11642184793606139,
  "lopcow_diff": 0.19264671413638468,
  "mean_diff": 0.14556607713909717,
  "bayes_diff": 0.04411783703636046,
  "w_cost": 0.46545293704934104,
  "w_emissions": 0.2899907062386911,
  "w_reliability": 0.17854565384730503,
  "w_social": 0.0660107028646628
}