objective,rho,cr,score_delta,entropy_diff,critic_diff,merec_diff,lopcow_diff,mean_diff,bayes_diff,seed
0.0441178370,1.0000000000,0.0000000000,11554342.1582836434,0.1258001933,0.1326922068,0.1164218479,0.1926467141,0.1455660771,0.0441178370,8944703
