cost,emissions,reliability,social
0.4654529370,0.2899907062,0.1785456538,0.0660107029
