cost,emissions,reliability,social
0.4163872439,0.1169036849,0.4018172394,0.0648918319
