objective,rho,cr,score_delta,entropy_diff,critic_diff,merec_diff,lopcow_diff,mean_diff,bayes_diff,seed
0.1055109199,1.0000000000,0.0000000000,0.4852049109,0.1029307118,0.1055109199,0.1056558061,0.1061564232,0.1071428571,0.1497307967,773766931
