cost,emissions,reliability,social
0.1685928368,0.3307563768,0.1552085607,0.3454422257
