{
  "seed": 773766931,
  "objective": 0.10551091993459537,
  "rho": 1.0,
  "cr": 2.220446049250313e-16,
  "score_delta": 0.4852049108593933,
  "entropy_diff": 0.10293071181715371,
  "critic_diff": 0.10551091993459537,
  "merec_diff": 0.1056558061380003,
  "lopcow_diff": 0.1061564231741499,
  "mean_diff": 0.1071428571428571,
  "bayes_diff": 0.14973079673331072,
  "w_cost": 0.16859283684874266,
  "w_emissions": 0.33075637681548653,
  "w_reliability": 0.15520856066048372,
  "w_social": 0.345442225675287
}