cost,emissions,reliability,social
0.0274748174,0.6807110095,0.0731062334,0.2187079397
