objective,rho,cr,score_delta,entropy_diff,critic_diff,merec_diff,lopcow_diff,mean_diff,bayes_diff,seed
0.1055109199,1.0000000000,0.0000000000,0.5192067281,0.1029687827,0.1055109199,0.1056938770,0.0902326717,0.1071428571,0.1471510084,119796233
