cost,emissions,reliability,social
0.1685166952,0.3554259189,0.1870560636,0.2890013224
