cost,emissions,reliability,social
0.0466502123,0.2994158075,0.5230755731,0.1308584070
