cost,emissions,reliability,social
0.2637784457,0.3342476522,0.2016881989,0.2002857032
