cost,emissions,reliability,social
0.4628057280,0.2608654982,0.1286325768,0.1476961970
