objective,rho,cr,score_delta,entropy_diff,critic_diff,merec_diff,lopcow_diff,mean_diff,bayes_diff,seed
0.0191562180,0.8750000000,0.0000000000,41666666.8049746230,0.0959635158,0.1054840664,0.0895493938,0.1762370790,0.1142551402,0.0191562180,41665319
