{
  "seed": 41665319,
  "objective": 0.019156217986214336,
  "rho": 0.875,
  "cr": 0.0,
  "score_delta": 41666666.80497462,
  "entropy_diff": 0.09596351577720208,
  "critic_diff": 0.10548406644063038,
  "merec_diff": 0.08954939378098159,
  "lopcow_diff": 0.17623707897143656,
  "mean_diff": 0.11425514019252492,
  "bayes_diff": 0.019156217986214336,
  "w_cost": 0.4628057280251429,
  "w_emissions": 0.26086549822717464,
  "w_reliability": 0.12863257675780732,
  "w_social": 0.1476961969898752
}