{
  "seed": 744900476,
  "objective": 0.011475172890128352,
  "rho": 0.875,
  "cr": 0.0,
  "score_delta": 24737584.06951482,
  "entropy_diff": 0.09597678692397077,
  "critic_diff": 0.10551091993459541,
  "merec_diff": 0.08957240043152058,
  "lopcow_diff": 0.16495300283166414,
  "mean_diff": 0.10979088332482692,
  "bayes_diff": 0.011475172890128352,
  "w_cost": 0.46275155470238793,
  "w_emissions": 0.23730466597620317,
  "w_reliability": 0.13756109049320328,
  "w_social": 0.16238268882820567
}