objective,rho,cr,score_delta,entropy_diff,critic_diff,merec_diff,lopcow_diff,mean_diff,bayes_diff,seed
0.0114751729,0.8750000000,0.0000000000,24737584.0695148185,0.0959767869,0.1055109199,0.0895724004,0.1649530028,0.1097908833,0.0114751729,744900476
