cost,emissions,reliability,social
0.4627515547,0.2373046660,0.1375610905,0.1623826888
