cost,emissions,reliability,social
0.4628005535,0.2568029139,0.1198613455,0.1605351871
