objective,rho,cr,score_delta,entropy_diff,critic_diff,merec_diff,lopcow_diff,mean_diff,bayes_diff,seed
0.0203005460,0.8750000000,0.0000000000,29818475.7872694358,0.0987606093,0.1058668425,0.0898825027,0.1747266262,0.1186407558,0.0203005460,326073790
