cost,emissions,reliability,social
0.4629982981,0.1963507678,0.1590630884,0.1815878457
