{
  "seed": 405071124,
  "objective": 0.013760527463099435,
  "rho": 0.875,
  "cr": 0.0,
  "score_delta": 17697155.907988563,
  "entropy_diff": 0.09597678692397078,
  "critic_diff": 0.10551091993459541,
  "merec_diff": 0.09177681758989835,
  "lopcow_diff": 0.16496249943848187,
  "mean_diff": 0.10714285714285712,
  "bayes_diff": 0.013760527463099435,
  "w_cost": 0.46299829814202903,
  "w_emissions": 0.196350767781343,
  "w_reliability": 0.15906308839118294,
  "w_social": 0.18158784568544506
}