cost,emissions,reliability,social
0.1685312053,0.1743839762,0.3175547453,0.3395300731
