objective,rho,cr,score_delta,entropy_diff,critic_diff,merec_diff,lopcow_diff,mean_diff,bayes_diff,seed
0.1054840664,1.0000000000,0.0000000000,0.4616161289,0.1070925496,0.1054840664,0.1188021464,0.0955084388,0.1071428571,0.1712932291,253383353
