cost,emissions,reliability,social
0.1826122208,0.3178818567,0.2422409355,0.2572649871
