cost,emissions,reliability,social
0.7355008089,0.1385378346,0.0174199621,0.1085413944
