objective,rho,cr,score_delta,entropy_diff,critic_diff,merec_diff,lopcow_diff,mean_diff,bayes_diff,seed
0.0895724004,1.0000000000,0.0000000000,0.0850735136,0.0959767869,0.1055109199,0.0895724004,0.1441790510,0.1108154765,0.0426524536,423814265
