cost,emissions,reliability,social
0.3962482775,0.2622600397,0.2059797787,0.1355119042
