{
  "seed": 875149228,
  "objective": 0.09597678692397074,
  "rho": 1.0,
  "cr": 1.1102230246251565e-16,
  "score_delta": 0.9818050083946244,
  "entropy_diff": 0.09597678692397074,
  "critic_diff": 0.10551091993459537,
  "merec_diff": 0.10071782837671335,
  "lopcow_diff": 0.13124191130647175,
  "mean_diff": 0.1071428571428571,
  "bayes_diff": 0.15304047479062236,
  "w_cost": 0.1825138220707261,
  "w_emissions": 0.196714572398689,
  "w_reliability": 0.4532363458057433,
  "w_social": 0.16753525972484148
}