objective,rho,cr,score_delta,entropy_diff,critic_diff,merec_diff,lopcow_diff,mean_diff,bayes_diff,seed
0.0959767869,1.0000000000,0.0000000000,0.9818050084,0.0959767869,0.1055109199,0.1007178284,0.1312419113,0.1071428571,0.1530404748,875149228
