cost,emissions,reliability,social
0.1825138221,0.1967145724,0.4532363458,0.1675352597
