cost,emissions,reliability,social
0.1831380653,0.2433076417,0.2194761361,0.3540781569
