{
  "seed": 34486423,
  "objective": 0.09597678692397071,
  "rho": 1.0,
  "cr": 1.1102230246251565e-16,
  "score_delta": 0.546937709216236,
  "entropy_diff": 0.09597678692397071,
  "critic_diff": 0.10551091993459535,
  "merec_diff": 0.09838319190083555,
  "lopcow_diff": 0.07402263545032653,
  "mean_diff": 0.10714285714285708,
  "bayes_diff": 0.13984032332040966,
  "w_cost": 0.1831380653230721,
  "w_emissions": 0.243307641696964,
  "w_reliability": 0.2194761361081304,
  "w_social": 0.3540781568718333
}