objective,rho,cr,score_delta,entropy_diff,critic_diff,merec_diff,lopcow_diff,mean_diff,bayes_diff,seed
0.1054840664,1.0000000000,0.0000000000,0.3954671967,0.1029794153,0.1054840664,0.1056284081,0.0806707544,0.1071428571,0.1471981198,113728822
