{
  "seed": 113728822,
  "objective": 0.10548406644063033,
  "rho": 1.0,
  "cr": 2.220446049250313e-16,
  "score_delta": 0.3954671966829679,
  "entropy_diff": 0.10297941530813345,
  "critic_diff": 0.10548406644063033,
  "merec_diff": 0.1056284081283531,
  "lopcow_diff": 0.08067075436706542,
  "mean_diff": 0.10714285714285708,
  "bayes_diff": 0.14719811982107228,
  "w_cost": 0.1685523377891601,
  "w_emissions": 0.3517673146777283,
  "w_reliability": 0.25455580209430784,
  "w_social": 0.22512454543880359
}