cost,emissions,reliability,social
0.1685523378,0.3517673147,0.2545558021,0.2251245454
