cost,emissions,reliability,social
0.4629583430,0.2634362506,0.1487810376,0.1248243688
