objective,rho,cr,score_delta,entropy_diff,critic_diff,merec_diff,lopcow_diff,mean_diff,bayes_diff,seed
0.0204464770,0.8750000000,0.0000000000,41666666.8265989423,0.0962945033,0.1054840664,0.0895493938,0.1775987627,0.1161592442,0.0204464770,663298012
