{
  "seed": 663298012,
  "objective": 0.020446476978034617,
  "rho": 0.875,
  "cr": 0.0,
  "score_delta": 41666666.82659894,
  "entropy_diff": 0.09629450332535772,
  "critic_diff": 0.1054840664406304,
  "merec_diff": 0.08954939378098156,
  "lopcow_diff": 0.17759876266633778,
  "mean_diff": 0.11615924418910326,
  "bayes_diff": 0.020446476978034617,
  "w_cost": 0.4629583429933599,
  "w_emissions": 0.2634362506487601,
  "w_reliability": 0.14878103759322947,
  "w_social": 0.12482436876465061
}