objective,rho,cr,score_delta,entropy_diff,critic_diff,merec_diff,lopcow_diff,mean_diff,bayes_diff,seed
0.0107791242,0.8750000000,0.0000000000,32794575.3938241564,0.0959635158,0.1054840664,0.0895493938,0.1661950495,0.1123460222,0.0107791242,308667200
