cost,emissions,reliability,social
0.4629492881,0.2406378793,0.1639620199,0.1324508127
