{
  "seed": 614039607,
  "objective": 0.010290185727831039,
  "rho": 1.0,
  "cr": 2.220446049250313e-16,
  "score_delta": 12881999.070853805,
  "entropy_diff": 0.0959767869239708,
  "critic_diff": 0.10551091993459542,
  "merec_diff": 0.08957240043152061,
  "lopcow_diff": 0.16596309921992417,
  "mean_diff": 0.11173842583056774,
  "bayes_diff": 0.010290185727831039,
  "w_cost": 0.4649994977049136,
  "w_emissions": 0.22577275859783166,
  "w_reliability": 0.17556173821553311,
  "w_social": 0.13366600548172172
}