cost,emissions,reliability,social
0.4649994977,0.2257727586,0.1755617382,0.1336660055
