objective,rho,cr,score_delta,entropy_diff,critic_diff,merec_diff,lopcow_diff,mean_diff,bayes_diff,seed
0.0102901857,1.0000000000,0.0000000000,12881999.0708538052,0.0959767869,0.1055109199,0.0895724004,0.1659630992,0.1117384258,0.0102901857,614039607
