cost,emissions,reliability,social
0.2189838429,0.4422536080,0.0484029946,0.2903595544
