{
  "seed": 588573862,
  "objective": 0.0,
  "rho": 1.0,
  "cr": 0.0,
  "w_cost": 0.21898384294999315,
  "w_emissions": 0.4422536080134844,
  "w_reliability": 0.04840299461337269,
  "w_social": 0.29035955442314987
}