cost,emissions,reliability,social
0.1837877465,0.4106429117,0.1897022092,0.2158671325
