{
  "seed": 720695946,
  "objective": 0.09596351577720205,
  "rho": 1.0,
  "cr": 0.0,
  "score_delta": 0.35639594789399726,
  "entropy_diff": 0.09596351577720205,
  "critic_diff": 0.10548406644063037,
  "merec_diff": 0.09801070374850428,
  "lopcow_diff": 0.1116167949777854,
  "mean_diff": 0.10714285714285714,
  "bayes_diff": 0.13958041544122346,
  "w_cost": 0.18378774654885785,
  "w_emissions": 0.41064291171615735,
  "w_reliability": 0.18970220924874986,
  "w_social": 0.21586713248623493
}