cost,emissions,reliability,social
0.1710874994,0.5773519991,0.1292409311,0.1223195704
