objective,rho,cr,score_delta,entropy_diff,critic_diff,merec_diff,lopcow_diff,mean_diff,bayes_diff,seed
0.1055109199,1.0000000000,0.0000000000,0.5525997839,0.1033523531,0.1055109199,0.1044084749,0.1891446417,0.1242197492,0.1774306835,841570871
