{
  "seed": 841570871,
  "objective": 0.10551091993459541,
  "rho": 1.0,
  "cr": 0.0,
  "score_delta": 0.5525997838560679,
  "entropy_diff": 0.1033523531328794,
  "critic_diff": 0.10551091993459541,
  "merec_diff": 0.10440847486752389,
  "lopcow_diff": 0.18914464172788398,
  "mean_diff": 0.12421974923551535,
  "bayes_diff": 0.17743068349728336,
  "w_cost": 0.17108749938969559,
  "w_emissions": 0.5773519990813352,
  "w_reliability": 0.12924093109457052,
  "w_social": 0.12231957043439878
}