{
  "seed": 119217526,
  "objective": 0.010273901161156188,
  "rho": 0.875,
  "cr": 0.0,
  "score_delta": 41666666.80177906,
  "entropy_diff": 0.09596351577720205,
  "critic_diff": 0.10548406644063038,
  "merec_diff": 0.08954939378098156,
  "lopcow_diff": 0.16742480961196138,
  "mean_diff": 0.10714285714285712,
  "bayes_diff": 0.010273901161156188,
  "w_cost": 0.4629458229563088,
  "w_emissions": 0.24310086457705832,
  "w_reliability": 0.14861802591998144,
  "w_social": 0.14533528654665145
}