cost,emissions,reliability,social
0.4629458230,0.2431008646,0.1486180259,0.1453352865
