cost,emissions,reliability,social
0.3695566475,0.0292226922,0.5821968021,0.0190238582
