objective,rho,cr,score_delta,entropy_diff,critic_diff,merec_diff,lopcow_diff,mean_diff,bayes_diff,seed
0.0212976302,0.8750000000,0.0000000000,27284186.4799573384,0.0997596683,0.1067872588,0.0906978089,0.1656562184,0.1196244092,0.0212976302,14682843
