cost,emissions,reliability,social
0.4633165707,0.2352622920,0.1178940388,0.1835270985
