{
  "seed": 14682843,
  "objective": 0.021297630166435422,
  "rho": 0.875,
  "cr": 0.0,
  "score_delta": 27284186.47995734,
  "entropy_diff": 0.09975966828941063,
  "critic_diff": 0.10678725877720933,
  "merec_diff": 0.09069780887784389,
  "lopcow_diff": 0.16565621838805478,
  "mean_diff": 0.11962440915315621,
  "bayes_diff": 0.021297630166435422,
  "w_cost": 0.4633165706873649,
  "w_emissions": 0.23526229195834386,
  "w_reliability": 0.11789403883654474,
  "w_social": 0.18352709851774648
}