{
  "seed": 651869246,
  "objective": 0.012429473480094516,
  "rho": 1.0,
  "cr": 0.0,
  "score_delta": 9724041.663556917,
  "entropy_diff": 0.09597678692397078,
  "critic_diff": 0.10551091993459541,
  "merec_diff": 0.0895724004315206,
  "lopcow_diff": 0.16494553611876048,
  "mean_diff": 0.10895932374643305,
  "bayes_diff": 0.012429473480094516,
  "w_cost": 0.46296437150258624,
  "w_emissions": 0.21265385241397206,
  "w_reliability": 0.18515756643345072,
  "w_social": 0.13922420964999105
}