cost,emissions,reliability,social
0.4629643715,0.2126538524,0.1851575664,0.1392242096
