objective,rho,cr,score_delta,entropy_diff,critic_diff,merec_diff,lopcow_diff,mean_diff,bayes_diff,seed
0.0124294735,1.0000000000,0.0000000000,9724041.6635569166,0.0959767869,0.1055109199,0.0895724004,0.1649455361,0.1089593237,0.0124294735,651869246
