cost,emissions,reliability,social
0.4631727270,0.2271009275,0.1681528884,0.1415734571
