objective,rho,cr,score_delta,entropy_diff,critic_diff,merec_diff,lopcow_diff,mean_diff,bayes_diff,seed
0.0062178020,0.8750000000,0.0000000000,29323772.3105554730,0.0959635158,0.1054840664,0.0895493938,0.1655842965,0.1077847000,0.0062178020,376376828
