{
  "seed": 376376828,
  "objective": 0.006217802002851366,
  "rho": 0.875,
  "cr": 0.0,
  "score_delta": 29323772.310555473,
  "entropy_diff": 0.09596351577720205,
  "critic_diff": 0.10548406644063038,
  "merec_diff": 0.08954939378098156,
  "lopcow_diff": 0.16558429653284673,
  "mean_diff": 0.1077847000020131,
  "bayes_diff": 0.006217802002851366,
  "w_cost": 0.4631727269769489,
  "w_emissions": 0.2271009275013445,
  "w_reliability": 0.16815288838287568,
  "w_social": 0.14157345713883096
}