objective,rho,cr,score_delta,entropy_diff,critic_diff,merec_diff,lopcow_diff,mean_diff,bayes_diff,seed
0.0345338451,1.0000000000,0.0000000000,4651772.9798338022,0.1105181459,0.1130522914,0.1132407305,0.1649861457,0.1071428571,0.0345338451,139352991
