cost,emissions,reliability,social
0.4630455906,0.1534229420,0.2046835358,0.1788479316
