cost,emissions,reliability,social
0.2717393795,0.3534345095,0.2358456283,0.1389804827
