cost,emissions,reliability,social
0.1825083526,0.3413972209,0.1527753094,0.3233191171
