objective,rho,cr,score_delta,entropy_diff,critic_diff,merec_diff,lopcow_diff,mean_diff,bayes_diff,seed
0.0959767869,1.0000000000,0.0000000000,0.3811636756,0.0959767869,0.1055109199,0.0895724004,0.1275118370,0.1090811872,0.1031726134,813858223
