cost,emissions,reliability,social
0.0034717681,0.5915752655,0.0060887894,0.3988641771
