cost,emissions,reliability,social
0.1732429358,0.2038849390,0.2564633231,0.3664088021
