objective,rho,cr,score_delta,entropy_diff,critic_diff,merec_diff,lopcow_diff,mean_diff,bayes_diff,seed
0.1055109199,1.0000000000,0.0000000000,0.6718555619,0.1006056623,0.1055109199,0.1033307566,0.0802601689,0.1071428571,0.1540907346,59324541
