cost,emissions,reliability,social
0.4559291390,0.1137216665,0.1793104145,0.2510387801
