{
  "seed": 972670494,
  "objective": 0.10551091993459541,
  "rho": 1.0,
  "cr": 0.0,
  "score_delta": 0.593992078054429,
  "entropy_diff": 0.10257322759709042,
  "critic_diff": 0.10551091993459541,
  "merec_diff": 0.10529832191793702,
  "lopcow_diff": 0.07331437426713469,
  "mean_diff": 0.10714285714285712,
  "bayes_diff": 0.1467554533375111,
  "w_cost": 0.1693078052888693,
  "w_emissions": 0.23543091868999302,
  "w_reliability": 0.2225386555347187,
  "w_social": 0.372722620486419
}