cost,emissions,reliability,social
0.1693078053,0.2354309187,0.2225386555,0.3727226205
