objective,rho,cr,score_delta,entropy_diff,critic_diff,merec_diff,lopcow_diff,mean_diff,bayes_diff,seed
0.1055109199,1.0000000000,0.0000000000,0.5939920781,0.1025732276,0.1055109199,0.1052983219,0.0733143743,0.1071428571,0.1467554533,972670494
