cost,emissions,reliability,social
0.1825022771,0.3030551181,0.1347232609,0.3797193439
