objective,rho,cr,score_delta,entropy_diff,critic_diff,merec_diff,lopcow_diff,mean_diff,bayes_diff,seed
0.0959767869,1.0000000000,0.0000000000,0.4210474768,0.0959767869,0.1055109199,0.0987010860,0.1163990731,0.1112097981,0.1530187265,515508745
