{
  "seed": 515508745,
  "objective": 0.09597678692397073,
  "rho": 1.0,
  "cr": 1.1102230246251565e-16,
  "score_delta": 0.4210474767604806,
  "entropy_diff": 0.09597678692397073,
  "critic_diff": 0.10551091993459538,
  "merec_diff": 0.09870108602501226,
  "lopcow_diff": 0.11639907307330849,
  "mean_diff": 0.11120979814034528,
  "bayes_diff": 0.15301872651948129,
  "w_cost": 0.18250227707471872,
  "w_emissions": 0.3030551181374226,
  "w_reliability": 0.13472326086216652,
  "w_social": 0.37971934392569207
}