{
  "seed": 833698510,
  "objective": 0.09596351577720202,
  "rho": 1.0,
  "cr": 1.1102230246251565e-16,
  "score_delta": 0.3946470593512207,
  "entropy_diff": 0.09596351577720202,
  "critic_diff": 0.10548406644063035,
  "merec_diff": 0.0984375243064713,
  "lopcow_diff": 0.07831800775878081,
  "mean_diff": 0.1071428571428571,
  "bayes_diff": 0.14690134794350687,
  "w_cost": 0.18293410543292374,
  "w_emissions": 0.2087648383661132,
  "w_reliability": 0.34324159737044246,
  "w_social": 0.2650594588305205
}