cost,emissions,reliability,social
0.1829341054,0.2087648384,0.3432415974,0.2650594588
