cost,emissions,reliability,social
0.1825011519,0.2944250095,0.2313246315,0.2917492071
