objective,rho,cr,score_delta,entropy_diff,critic_diff,merec_diff,lopcow_diff,mean_diff,bayes_diff,seed
0.0959767869,0.8750000000,0.0000000000,21365284.4412589595,0.0959767869,0.1055109199,0.0937852384,0.1690605315,0.1071428571,0.0209388525,255396303
