cost,emissions,reliability,social
0.4711943624,0.1923339262,0.1487232800,0.1877484315
