{
  "seed": 433698847,
  "objective": 0.10548406644063035,
  "rho": 1.0,
  "cr": 1.1102230246251565e-16,
  "score_delta": 0.5046785152027298,
  "entropy_diff": 0.10284299242227492,
  "critic_diff": 0.10548406644063035,
  "merec_diff": 0.10549198524249456,
  "lopcow_diff": 0.09127488653077914,
  "mean_diff": 0.1071428571428571,
  "bayes_diff": 0.1470616969352138,
  "w_cost": 0.1688251835608772,
  "w_emissions": 0.23040262941768852,
  "w_reliability": 0.19478532892204914,
  "w_social": 0.40598685809938506
}