objective,rho,cr,score_delta,entropy_diff,critic_diff,merec_diff,lopcow_diff,mean_diff,bayes_diff,seed
0.1054840664,1.0000000000,0.0000000000,0.5046785152,0.1028429924,0.1054840664,0.1054919852,0.0912748865,0.1071428571,0.1470616969,433698847
