cost,emissions,reliability,social
0.1688251836,0.2304026294,0.1947853289,0.4059868581
