cost,emissions,reliability,social
0.6987500531,0.1413146388,0.0513214477,0.1086138604
