cost,emissions,reliability,social
0.1825067940,0.1834753718,0.2564432182,0.3775746160
