cost,emissions,reliability,social
0.2127343149,0.3871066383,0.1699592016,0.2301998451
