objective,rho,cr,score_delta,entropy_diff,critic_diff,merec_diff,lopcow_diff,mean_diff,bayes_diff,seed
0.1055109199,1.0000000000,0.0000000000,0.5417578199,0.1029696710,0.1055109199,0.1056947653,0.0994230036,0.1071428571,0.1471518967,151326254
