cost,emissions,reliability,social
0.1685149185,0.4004813038,0.1860973073,0.2449064704
