cost,emissions,reliability,social
0.1685308012,0.5357497922,0.1619812201,0.1337381865
