objective,rho,cr,score_delta,entropy_diff,critic_diff,merec_diff,lopcow_diff,mean_diff,bayes_diff,seed
0.1054840664,1.0000000000,0.0000000000,0.4016697147,0.1029901836,0.1054840664,0.1056391764,0.1665417626,0.1117023353,0.1573443254,685743345
