{
  "seed": 801959002,
  "objective": 0.10551091993459538,
  "rho": 1.0,
  "cr": 1.1102230246251565e-16,
  "score_delta": 0.5424931533300591,
  "entropy_diff": 0.10297131146813349,
  "critic_diff": 0.10551091993459538,
  "merec_diff": 0.10569640578898008,
  "lopcow_diff": 0.1493028518441299,
  "mean_diff": 0.10825379626835097,
  "bayes_diff": 0.1570580444114548,
  "w_cost": 0.16851163754678314,
  "w_emissions": 0.5002442811567394,
  "w_reliability": 0.14063526460615514,
  "w_social": 0.19060881669032229
}