objective,rho,cr,score_delta,entropy_diff,critic_diff,merec_diff,lopcow_diff,mean_diff,bayes_diff,seed
0.1055109199,1.0000000000,0.0000000000,0.5424931533,0.1029713115,0.1055109199,0.1056964058,0.1493028518,0.1082537963,0.1570580444,801959002
