cost,emissions,reliability,social
0.1685116375,0.5002442812,0.1406352646,0.1906088167
