{
  "seed": 916011844,
  "objective": 0.10548406644063035,
  "rho": 1.0,
  "cr": 2.220446049250313e-16,
  "score_delta": 0.4094501981950397,
  "entropy_diff": 0.10295959245965391,
  "critic_diff": 0.10548406644063035,
  "merec_diff": 0.10560858527987357,
  "lopcow_diff": 0.12483836481626713,
  "mean_diff": 0.11017676630122844,
  "bayes_diff": 0.15578816527465947,
  "w_cost": 0.16859198348611923,
  "w_emissions": 0.3213520285698043,
  "w_reliability": 0.37326666340367615,
  "w_social": 0.13678932454040021
}