objective,rho,cr,score_delta,entropy_diff,critic_diff,merec_diff,lopcow_diff,mean_diff,bayes_diff,seed
0.1054840664,1.0000000000,0.0000000000,0.4094501982,0.1029595925,0.1054840664,0.1056085853,0.1248383648,0.1101767663,0.1557881653,916011844
