cost,emissions,reliability,social
0.1685919835,0.3213520286,0.3732666634,0.1367893245
