cost,emissions,reliability,social
0.1825905983,0.3299413926,0.2942755321,0.1931924769
