{
  "seed": 120840649,
  "objective": 0.1055109199345954,
  "rho": 1.0,
  "cr": 0.0,
  "score_delta": 0.5557342672291188,
  "entropy_diff": 0.10294341822021491,
  "critic_diff": 0.1055109199345954,
  "merec_diff": 0.10566851254106151,
  "lopcow_diff": 0.13242363966826218,
  "mean_diff": 0.10714285714285712,
  "bayes_diff": 0.1471256439606356,
  "w_cost": 0.1685674240426203,
  "w_emissions": 0.4664300703091669,
  "w_reliability": 0.17484447562466793,
  "w_social": 0.1901580300235449
}