cost,emissions,reliability,social
0.1685674240,0.4664300703,0.1748444756,0.1901580300
