objective,rho,cr,score_delta,entropy_diff,critic_diff,merec_diff,lopcow_diff,mean_diff,bayes_diff,seed
0.1055109199,1.0000000000,0.0000000000,0.5557342672,0.1029434182,0.1055109199,0.1056685125,0.1324236397,0.1071428571,0.1471256440,120840649
