cost,emissions,reliability,social
0.1846123020,0.2460678136,0.2404231287,0.3288967556
