{
  "seed": 448207328,
  "objective": 0.09596351577720205,
  "rho": 1.0,
  "cr": 0.0,
  "score_delta": 0.4197454546666172,
  "entropy_diff": 0.09596351577720205,
  "critic_diff": 0.10548406644063038,
  "merec_diff": 0.09759842601335335,
  "lopcow_diff": 0.06406083413941793,
  "mean_diff": 0.10714285714285712,
  "bayes_diff": 0.13916813770607253,
  "w_cost": 0.1846123020191597,
  "w_emissions": 0.24606781361611801,
  "w_reliability": 0.24042312872427113,
  "w_social": 0.3288967556404512
}