cost,emissions,reliability,social
0.4628350934,0.1897486336,0.1906630782,0.1567531949
