objective,rho,cr,score_delta,entropy_diff,critic_diff,merec_diff,lopcow_diff,mean_diff,bayes_diff,seed
0.0164589564,0.8750000000,0.0000000000,12886533.0933102574,0.0959635158,0.1054840664,0.0950302372,0.1654154797,0.1071428571,0.0164589564,153443692
