{
  "seed": 153443692,
  "objective": 0.016458956375575262,
  "rho": 0.875,
  "cr": 0.0,
  "score_delta": 12886533.093310257,
  "entropy_diff": 0.09596351577720205,
  "critic_diff": 0.10548406644063037,
  "merec_diff": 0.09503023716740477,
  "lopcow_diff": 0.16541547973242982,
  "mean_diff": 0.1071428571428571,
  "bayes_diff": 0.016458956375575262,
  "w_cost": 0.46283509337611495,
  "w_emissions": 0.18974863355878524,
  "w_reliability": 0.19066307820216746,
  "w_social": 0.15675319486293232
}