cost,emissions,reliability,social
0.1825963264,0.3164750740,0.3607009233,0.1402276763
