objective,rho,cr,score_delta,entropy_diff,critic_diff,merec_diff,lopcow_diff,mean_diff,bayes_diff,seed
0.0959635158,1.0000000000,0.0000000000,0.3907258481,0.0959635158,0.1054840664,0.0986064138,0.1231191889,0.1084575904,0.1470668180,471096205
