cost,emissions,reliability,social
0.0293593431,0.0088887360,0.4119085601,0.5498433608
