cost,emissions,reliability,social
0.4058683896,0.1183612086,0.2091189423,0.2666514594
