cost,emissions,reliability,social
0.3866139164,0.2694885958,0.2369701626,0.1069273251
