{
  "seed": 987334396,
  "objective": 0.0,
  "rho": 1.0,
  "cr": 0.0,
  "w_cost": 0.3866139163965061,
  "w_emissions": 0.26948859584369056,
  "w_reliability": 0.23697016262202553,
  "w_social": 0.1069273251377778
}