cost,emissions,reliability,social
0.1829144781,0.4203817894,0.2026391612,0.1940645713
