cost,emissions,reliability,social
0.1771555007,0.0581723537,0.0081501139,0.7565220317
