{
  "seed": 99628377,
  "objective": 0.0,
  "rho": 1.0,
  "cr": 0.0,
  "w_cost": 0.17715550071275443,
  "w_emissions": 0.05817235367058724,
  "w_reliability": 0.008150113882127268,
  "w_social": 0.756522031734531
}