{
  "seed": 630011844,
  "objective": 0.09596351577720202,
  "rho": 1.0,
  "cr": 1.1102230246251565e-16,
  "score_delta": 0.3722812121108692,
  "entropy_diff": 0.09596351577720202,
  "critic_diff": 0.10548406644063034,
  "merec_diff": 0.09857568796449272,
  "lopcow_diff": 0.13860984485713296,
  "mean_diff": 0.10714285714285708,
  "bayes_diff": 0.1401453996572119,
  "w_cost": 0.1826577781168809,
  "w_emissions": 0.46575897990682935,
  "w_reliability": 0.19148531035470248,
  "w_social": 0.16009793162158717
}