cost,emissions,reliability,social
0.1826577781,0.4657589799,0.1914853104,0.1600979316
