cost,emissions,reliability,social
0.4628450246,0.2000970299,0.1626040900,0.1744538555
