objective,rho,cr,score_delta,entropy_diff,critic_diff,merec_diff,lopcow_diff,mean_diff,bayes_diff,seed
0.0111968011,0.8750000000,0.0000000000,16890709.4928119257,0.0959767869,0.1055109199,0.0899036865,0.1648858627,0.1071428571,0.0111968011,321056439
