{
  "seed": 321056439,
  "objective": 0.011196801087308188,
  "rho": 0.875,
  "cr": 0.0,
  "score_delta": 16890709.492811926,
  "entropy_diff": 0.09597678692397074,
  "critic_diff": 0.10551091993459535,
  "merec_diff": 0.08990368652449383,
  "lopcow_diff": 0.16488586265738514,
  "mean_diff": 0.10714285714285712,
  "bayes_diff": 0.011196801087308188,
  "w_cost": 0.4628450245798355,
  "w_emissions": 0.200097029912152,
  "w_reliability": 0.16260408996081274,
  "w_social": 0.17445385554719967
}