{
  "seed": 987334396,
  "objective": 0.09597678692397074,
  "rho": 1.0,
  "cr": 0.0,
  "score_delta": 0.8687906515887006,
  "entropy_diff": 0.09597678692397074,
  "critic_diff": 0.10551091993459538,
  "merec_diff": 0.0986938981396782,
  "lopcow_diff": 0.095934221143514,
  "mean_diff": 0.10714285714285712,
  "bayes_diff": 0.1401510295592523,
  "w_cost": 0.1825166528453869,
  "w_emissions": 0.22544458389798,
  "w_reliability": 0.38261813470516703,
  "w_social": 0.20942062855146604
}