cost,emissions,reliability,social
0.1825166528,0.2254445839,0.3826181347,0.2094206286
