cost,emissions,reliability,social
0.3090728418,0.0784285067,0.5274292233,0.0850694282
