cost,emissions,reliability,social
0.1685050850,0.2373800519,0.4127822186,0.1813326445
