objective,rho,cr,score_delta,entropy_diff,critic_diff,merec_diff,lopcow_diff,mean_diff,bayes_diff,seed
0.1055109199,1.0000000000,0.0000000000,0.9428746157,0.1029745877,0.1055109199,0.1056996821,0.1041620472,0.1071428571,0.1471568135,654849094
