{
  "seed": 41614173,
  "objective": 0.095963515777202,
  "rho": 1.0,
  "cr": 2.220446049250313e-16,
  "score_delta": 0.4425988616106843,
  "entropy_diff": 0.095963515777202,
  "critic_diff": 0.10548406644063033,
  "merec_diff": 0.09859721070790982,
  "lopcow_diff": 0.08761721573206807,
  "mean_diff": 0.10714285714285707,
  "bayes_diff": 0.140166922400629,
  "w_cost": 0.18261473263004666,
  "w_emissions": 0.27464179845511544,
  "w_reliability": 0.19331036553897074,
  "w_social": 0.34943310337586697
}