cost,emissions,reliability,social
0.1826147326,0.2746417985,0.1933103655,0.3494331034
