cost,emissions,reliability,social
0.4880900854,0.2207698429,0.1602797398,0.1308603319
