objective,rho,cr,score_delta,entropy_diff,critic_diff,merec_diff,lopcow_diff,mean_diff,bayes_diff,seed
0.0895724004,0.8750000000,0.0000000000,19517694.2095864303,0.0959767869,0.1055109199,0.0895724004,0.1775083931,0.1131412626,0.0126356867,801959002
