cost,emissions,reliability,social
0.5073481670,0.3954838244,0.0189198248,0.0782481838
