{
  "seed": 13828912,
  "objective": 0.0270680197085728,
  "rho": 1.0,
  "cr": 1.1102230246251565e-16,
  "score_delta": 14256203.730849193,
  "entropy_diff": 0.10872558512436756,
  "critic_diff": 0.11561759866670356,
  "merec_diff": 0.09934723976538812,
  "lopcow_diff": 0.17956240475097635,
  "mean_diff": 0.12849146896842387,
  "bayes_diff": 0.0270680197085728,
  "w_cost": 0.4627691302781202,
  "w_emissions": 0.2665058942390952,
  "w_reliability": 0.17056505627677515,
  "w_social": 0.10015991920600935
}