objective,rho,cr,score_delta,entropy_diff,critic_diff,merec_diff,lopcow_diff,mean_diff,bayes_diff,seed
0.0270680197,1.0000000000,0.0000000000,14256203.7308491934,0.1087255851,0.1156175987,0.0993472398,0.1795624048,0.1284914690,0.0270680197,13828912
