cost,emissions,reliability,social
0.4627691303,0.2665058942,0.1705650563,0.1001599192
