{
  "seed": 873614915,
  "objective": 0.0,
  "rho": 1.0,
  "cr": 0.0,
  "w_cost": 0.19159212079361537,
  "w_emissions": 0.22410693008973914,
  "w_reliability": 0.2237089177913788,
  "w_social": 0.3605920313252667
}