cost,emissions,reliability,social
0.1915921208,0.2241069301,0.2237089178,0.3605920313
