cost,emissions,reliability,social
0.4627782963,0.1855629019,0.1455927736,0.2060660283
