objective,rho,cr,score_delta,entropy_diff,critic_diff,merec_diff,lopcow_diff,mean_diff,bayes_diff,seed
0.0259098257,0.8750000000,0.0000000000,21529037.6043450832,0.0959767869,0.1055109199,0.0971707505,0.1648524985,0.1071428571,0.0259098257,91555956
