objective,rho,cr,score_delta,entropy_diff,critic_diff,merec_diff,lopcow_diff,mean_diff,bayes_diff,seed
0.0895724004,1.0000000000,0.0000000000,0.0865484439,0.0959767869,0.1055109199,0.0895724004,0.1544039104,0.1142957038,0.0482046037,379741612
