cost,emissions,reliability,social
0.3921044319,0.2868536040,0.1924905146,0.1285514495
