cost,emissions,reliability,social
0.1709083625,0.3429653467,0.4242617378,0.0618645530
