{
  "seed": 161546290,
  "objective": 0.0,
  "rho": 1.0,
  "cr": 0.0,
  "w_cost": 0.17090836248293498,
  "w_emissions": 0.3429653467349024,
  "w_reliability": 0.4242617377765507,
  "w_social": 0.06186455300561189
}