{
  "seed": 527314029,
  "objective": 0.0,
  "rho": 1.0,
  "cr": 0.0,
  "w_cost": 0.0,
  "w_emissions": 0.6392644173965882,
  "w_reliability": 0.12086112632712331,
  "w_social": 0.2398744562762884
}