{
  "seed": 225638172,
  "objective": 0.009977364743800406,
  "rho": 0.875,
  "cr": 0.0,
  "score_delta": 23130174.347132403,
  "entropy_diff": 0.09597678692397076,
  "critic_diff": 0.10551091993459541,
  "merec_diff": 0.08957240043152057,
  "lopcow_diff": 0.16961593259989216,
  "mean_diff": 0.10714285714285712,
  "bayes_diff": 0.009977364743800406,
  "w_cost": 0.4723051644648496,
  "w_emissions": 0.2329589090734111,
  "w_reliability": 0.14421954711735477,
  "w_social": 0.15051637934438455
}