cost,emissions,reliability,social
0.4723051645,0.2329589091,0.1442195471,0.1505163793
