objective,rho,cr,score_delta,entropy_diff,critic_diff,merec_diff,lopcow_diff,mean_diff,bayes_diff,seed
0.0099773647,0.8750000000,0.0000000000,23130174.3471324034,0.0959767869,0.1055109199,0.0895724004,0.1696159326,0.1071428571,0.0099773647,225638172
