cost,emissions,reliability,social
0.4639263551,0.2143026884,0.1839303635,0.1378405930
