objective,rho,cr,score_delta,entropy_diff,critic_diff,merec_diff,lopcow_diff,mean_diff,bayes_diff,seed
0.0122968638,1.0000000000,0.0000000000,10190798.2840706408,0.0959767869,0.1055109199,0.0895724004,0.1654265279,0.1096511321,0.0122968638,864704852
