{
  "seed": 700265101,
  "objective": 0.09596351577720202,
  "rho": 1.0,
  "cr": 0.0,
  "score_delta": 0.3723387285448679,
  "entropy_diff": 0.09596351577720202,
  "critic_diff": 0.10548406644063035,
  "merec_diff": 0.10643486384327999,
  "lopcow_diff": 0.09777181801256218,
  "mean_diff": 0.10714285714285711,
  "bayes_diff": 0.15892594649755631,
  "w_cost": 0.18263390809180455,
  "w_emissions": 0.1850158385991335,
  "w_reliability": 0.38725073936219634,
  "w_social": 0.24509951394686555
}