cost,emissions,reliability,social
0.1826339081,0.1850158386,0.3872507394,0.2450995139
