cost,emissions,reliability,social
0.4112068922,0.3140169282,0.1301491338,0.1446270458
