objective,rho,cr,score_delta,entropy_diff,critic_diff,merec_diff,lopcow_diff,mean_diff,bayes_diff,seed
0.0895724004,1.0000000000,0.0000000000,1931061.8863880432,0.0959767869,0.1055109199,0.0895724004,0.1775368027,0.1134968617,0.0457631481,423230779
