objective,rho,cr,score_delta,entropy_diff,critic_diff,merec_diff,lopcow_diff,mean_diff,bayes_diff,seed
0.1055109199,1.0000000000,0.0000000000,0.7854479470,0.1029657234,0.1055109199,0.1056908177,0.0839179041,0.1071428571,0.1471479492,781682162
