cost,emissions,reliability,social
0.1685228136,0.2838136250,0.3258426306,0.2218209308
