{
  "seed": 902037982,
  "objective": 0.0,
  "rho": 1.0,
  "cr": 0.0,
  "w_cost": 0.30890957218993786,
  "w_emissions": 0.2682048699392881,
  "w_reliability": 0.2760716106290208,
  "w_social": 0.14681394724175317
}