cost,emissions,reliability,social
0.3089095722,0.2682048699,0.2760716106,0.1468139472
