cost,emissions,reliability,social
0.1825849085,0.3328830196,0.2004280510,0.2841040208
