cost,emissions,reliability,social
0.0113173202,0.1853129971,0.6083776632,0.1949920196
