cost,emissions,reliability,social
0.1826473095,0.4317681106,0.1887735975,0.1968109824
