{
  "seed": 614642828,
  "objective": 0.09596351577720205,
  "rho": 1.0,
  "cr": 0.0,
  "score_delta": 0.35909326768931477,
  "entropy_diff": 0.09596351577720205,
  "critic_diff": 0.10548406644063038,
  "merec_diff": 0.09858092225784429,
  "lopcow_diff": 0.12160917590414957,
  "mean_diff": 0.10714285714285712,
  "bayes_diff": 0.14015063395056349,
  "w_cost": 0.18264730953017783,
  "w_emissions": 0.4317681105875657,
  "w_reliability": 0.18877359747723335,
  "w_social": 0.19681098240502315
}