objective,rho,cr,score_delta,entropy_diff,critic_diff,merec_diff,lopcow_diff,mean_diff,bayes_diff,seed
0.0193482356,0.8750000000,0.0000000000,16189669.2820416372,0.1010305919,0.1079226054,0.0916522465,0.1746069719,0.1207964757,0.0193482356,11239913
