cost,emissions,reliability,social
0.4628884441,0.2564757147,0.1650859355,0.1155499057
