cost,emissions,reliability,social
0.4629566381,0.1628376741,0.2080883532,0.1661173346
