objective,rho,cr,score_delta,entropy_diff,critic_diff,merec_diff,lopcow_diff,mean_diff,bayes_diff,seed
0.0298576941,1.0000000000,0.0000000000,2696841.5069482988,0.1058392349,0.1083313295,0.1084857169,0.1654762521,0.1071428571,0.0298576941,634497437
