cost,emissions,reliability,social
0.0159326655,0.0089554573,0.4409013101,0.5342105671
