cost,emissions,reliability,social
0.1685296244,0.1799533536,0.4035008892,0.2480161327
