objective,rho,cr,score_delta,entropy_diff,critic_diff,merec_diff,lopcow_diff,mean_diff,bayes_diff,seed
0.1055109199,1.0000000000,0.0000000000,0.9607204349,0.1042384711,0.1055109199,0.1160905366,0.0993820842,0.1071428571,0.1684131830,943942816
