{
  "seed": 943942816,
  "objective": 0.10551091993459538,
  "rho": 1.0,
  "cr": 0.0,
  "score_delta": 0.9607204348598966,
  "entropy_diff": 0.10423847111539196,
  "critic_diff": 0.10551091993459538,
  "merec_diff": 0.116090536571143,
  "lopcow_diff": 0.09938208418455047,
  "mean_diff": 0.1071428571428571,
  "bayes_diff": 0.16841318298505203,
  "w_cost": 0.16852962443109734,
  "w_emissions": 0.17995335364945847,
  "w_reliability": 0.4035008892015295,
  "w_social": 0.24801613271791462
}