objective,rho,cr,score_delta,entropy_diff,critic_diff,merec_diff,lopcow_diff,mean_diff,bayes_diff,seed
0.0155106069,0.8750000000,0.0000000000,26230915.5376466177,0.0972127641,0.1054840664,0.0895493938,0.1669514272,0.1170775049,0.0155106069,160688162
