cost,emissions,reliability,social
0.4629511031,0.2421488196,0.1719122300,0.1229878473
