objective,rho,cr,score_delta,entropy_diff,critic_diff,merec_diff,lopcow_diff,mean_diff,bayes_diff,seed
0.1055109199,1.0000000000,0.0000000000,0.6839323257,0.1029715204,0.1055109199,0.1056966148,0.0636641805,0.1071428571,0.1471537462,275840867
