cost,emissions,reliability,social
0.1685112196,0.2601961125,0.2657337154,0.3055589526
