{
  "seed": 221928085,
  "objective": 0.10548406644063037,
  "rho": 1.0,
  "cr": 0.0,
  "score_delta": 0.4029038508364319,
  "entropy_diff": 0.10231261149712906,
  "critic_diff": 0.10548406644063037,
  "merec_diff": 0.10496160431734872,
  "lopcow_diff": 0.06963431248851056,
  "mean_diff": 0.10714285714285712,
  "bayes_diff": 0.1465313160100679,
  "w_cost": 0.16988594541116894,
  "w_emissions": 0.23598062924531174,
  "w_reliability": 0.34372369099472866,
  "w_social": 0.2504097343487906
}