cost,emissions,reliability,social
0.1698859454,0.2359806292,0.3437236910,0.2504097343
