objective,rho,cr,score_delta,entropy_diff,critic_diff,merec_diff,lopcow_diff,mean_diff,bayes_diff,seed
0.1054840664,1.0000000000,0.0000000000,0.4029038508,0.1023126115,0.1054840664,0.1049616043,0.0696343125,0.1071428571,0.1465313160,221928085
