{
  "seed": 52823136,
  "objective": 0.10551091993459537,
  "rho": 1.0,
  "cr": 1.1102230246251565e-16,
  "score_delta": 0.5383893768674891,
  "entropy_diff": 0.10295443677327126,
  "critic_diff": 0.10551091993459537,
  "merec_diff": 0.10567953109411785,
  "lopcow_diff": 0.08160255854451431,
  "mean_diff": 0.1071428571428571,
  "bayes_diff": 0.14713666251369195,
  "w_cost": 0.16854538693650756,
  "w_emissions": 0.28250666336968705,
  "w_reliability": 0.20431628991975487,
  "w_social": 0.3446316597740504
}