cost,emissions,reliability,social
0.1685453869,0.2825066634,0.2043162899,0.3446316598
