objective,rho,cr,score_delta,entropy_diff,critic_diff,merec_diff,lopcow_diff,mean_diff,bayes_diff,seed
0.1055109199,1.0000000000,0.0000000000,0.5383893769,0.1029544368,0.1055109199,0.1056795311,0.0816025585,0.1071428571,0.1471366625,52823136
