objective,rho,cr,score_delta,entropy_diff,critic_diff,merec_diff,lopcow_diff,mean_diff,bayes_diff,seed
0.1054840664,1.0000000000,0.0000000000,0.3998992159,0.1026184646,0.1054840664,0.1052674574,0.1219188773,0.1072572788,0.1525275499,202738313
