cost,emissions,reliability,social
0.1692742393,0.2485726603,0.4395248010,0.1426282995
