{
  "VNS": {
    "best": {
      "seed": 379541152,
      "objective": 0.0,
      "rho": 1.0,
      "cr": 0.0,
      "w_cost": 0.3255376816983123,
      "w_emissions": 0.10483137831082755,
      "w_reliability": 0.36575978102860934,
      "w_social": 0.20387115896225083
    },
    "runs": 30
  },
  "TS": {
    "best": {
      "seed": 527314029,
      "objective": 0.0,
      "rho": 1.0,
      "cr": 0.0,
      "w_cost": 0.0,
      "w_emissions": 0.6392644173965882,
      "w_reliability": 0.12086112632712331,
      "w_social": 0.2398744562762884
    },
    "runs": 30
  },
  "ILS": {
    "best": {
      "seed": 379144265,
      "objective": 0.0,
      "rho": 1.0,
      "cr": 0.0,
      "w_cost": 0.3260914596632877,
      "w_emissions": 0.20819381698290937,
      "w_reliability": 0.25677250095083126,
      "w_social": 0.20894222240297164
    },
    "runs": 30
  },
  "HYBRID": {
    "best": {
      "seed": 159585355,
      "objective": 0.0,
      "rho": 1.0,
      "cr": 0.0,
      "w_cost": 0.2112673446673254,
      "w_emissions": 0.33903794960399813,
      "w_reliability": 0.0,
      "w_social": 0.4496947057286764
    },
    "runs": 30
  }
}