objective,rho,cr,score_delta,entropy_diff,critic_diff,merec_diff,lopcow_diff,mean_diff,bayes_diff,seed
0.0040487485,0.8750000000,0.0000000000,38615600.4471522346,0.0959635158,0.1054840664,0.0895493938,0.1654884906,0.1071428571,0.0040487485,593682004
