cost,emissions,reliability,social
0.4629811150,0.2306180217,0.1575136520,0.1488872113
