cost,emissions,reliability,social
0.2237112720,0.4036007856,0.2050132240,0.1676747184
