objective,rho,cr,score_delta,entropy_diff,critic_diff,merec_diff,lopcow_diff,mean_diff,bayes_diff,seed
0.0959768417,1.0000000000,0.0000000000,0.6702643951,0.0959768417,0.1055109199,0.0987019360,0.1040342184,0.1071428571,0.1401590674,591595848
