cost,emissions,reliability,social
0.1825005771,0.3434409966,0.2924701240,0.1815883023
