Alternative,fuzzy_topsis_score,fuzzy_topsis_rank,vikor_score,vikor_rank,copras_score,copras_rank,moora_score,moora_rank
C2,0.9608334644,1.0000000000,0.0000000000,1.0000000000,1.0821055334,1.0000000000,0.0444814463,1.0000000000
C3,0.3867027479,2.0000000000,0.5021658406,2.0000000000,0.2883803998,2.0000000000,-0.2553434250,2.0000000000
C1,0.0304704950,3.0000000000,1.0000000000,3.0000000000,0.2203829194,3.0000000000,-0.4467270497,3.0000000000
