cost,emissions,reliability,social
0.1827492762,0.4388860773,0.2150969562,0.1632676904
