{
  "seed": 909436533,
  "objective": 0.09596351577720201,
  "rho": 1.0,
  "cr": 1.1102230246251565e-16,
  "score_delta": 0.38253005690730946,
  "entropy_diff": 0.09596351577720201,
  "critic_diff": 0.10548406644063034,
  "merec_diff": 0.09852993894042252,
  "lopcow_diff": 0.12521914257631594,
  "mean_diff": 0.10714285714285708,
  "bayes_diff": 0.14009965063314173,
  "w_cost": 0.18274927616502132,
  "w_emissions": 0.43888607729705487,
  "w_reliability": 0.2150969561596272,
  "w_social": 0.1632676903782965
}