{
  "seed": 426972724,
  "objective": 0.09597678692397077,
  "rho": 1.0,
  "cr": 0.0,
  "score_delta": 0.7857179604056486,
  "entropy_diff": 0.09597678692397077,
  "critic_diff": 0.10551091993459541,
  "merec_diff": 0.09836129933147204,
  "lopcow_diff": 0.10882491305939575,
  "mean_diff": 0.10714285714285715,
  "bayes_diff": 0.13981843075104614,
  "w_cost": 0.18318185046179924,
  "w_emissions": 0.294384289387938,
  "w_reliability": 0.35042694728277773,
  "w_social": 0.1720069128674851
}