objective,rho,cr,score_delta,entropy_diff,critic_diff,merec_diff,lopcow_diff,mean_diff,bayes_diff,seed
0.0959767869,1.0000000000,0.0000000000,0.7857179604,0.0959767869,0.1055109199,0.0983612993,0.1088249131,0.1071428571,0.1398184308,426972724
