cost,emissions,reliability,social
0.1831818505,0.2943842894,0.3504269473,0.1720069129
