cost,emissions,reliability,social
0.1858442975,0.3165738624,0.1714553699,0.3261264701
