{
  "seed": 833164281,
  "objective": 0.09597678692397076,
  "rho": 1.0,
  "cr": 0.0,
  "score_delta": 0.44797862728509796,
  "entropy_diff": 0.09597678692397076,
  "critic_diff": 0.1055109199345954,
  "merec_diff": 0.09703007581818898,
  "lopcow_diff": 0.09803301854672697,
  "mean_diff": 0.10714285714285712,
  "bayes_diff": 0.1384872072377631,
  "w_cost": 0.18584429748836534,
  "w_emissions": 0.31657386244768265,
  "w_reliability": 0.17145536991532961,
  "w_social": 0.3261264701486224
}