objective,rho,cr,score_delta,entropy_diff,critic_diff,merec_diff,lopcow_diff,mean_diff,bayes_diff,seed
0.0959767869,1.0000000000,0.0000000000,0.4479786273,0.0959767869,0.1055109199,0.0970300758,0.0980330185,0.1071428571,0.1384872072,833164281
