objective,rho,cr,score_delta,entropy_diff,critic_diff,merec_diff,lopcow_diff,mean_diff,bayes_diff,seed
0.0895724004,1.0000000000,0.0000000000,13711273.4575980809,0.0959767869,0.1055109199,0.0895724004,0.1670917224,0.1104225479,0.0089743078,675831337
