cost,emissions,reliability,social
0.4672567440,0.2225870626,0.1738584321,0.1362977614
