cost,emissions,reliability,social
0.0090861419,0.1525266559,0.6949837555,0.1434034467
