cost,emissions,reliability,social
0.1829175724,0.2279913899,0.2829289691,0.3061620686
