{
  "seed": 725715628,
  "objective": 0.09596351577720205,
  "rho": 1.0,
  "cr": 0.0,
  "score_delta": 0.42353719553507063,
  "entropy_diff": 0.09596351577720205,
  "critic_diff": 0.10548406644063038,
  "merec_diff": 0.09844579080837157,
  "lopcow_diff": 0.06870473200620834,
  "mean_diff": 0.10714285714285712,
  "bayes_diff": 0.14001550250109077,
  "w_cost": 0.18291757242912327,
  "w_emissions": 0.22799138987125817,
  "w_reliability": 0.2829289691474079,
  "w_social": 0.3061620685522107
}