objective,rho,cr,score_delta,entropy_diff,critic_diff,merec_diff,lopcow_diff,mean_diff,bayes_diff,seed
0.0959635158,1.0000000000,0.0000000000,0.4235371955,0.0959635158,0.1054840664,0.0984457908,0.0687047320,0.1071428571,0.1400155025,725715628
