objective,rho,cr,score_delta,entropy_diff,critic_diff,merec_diff,lopcow_diff,mean_diff,bayes_diff,seed
0.1054840664,1.0000000000,0.0000000000,0.4512742736,0.1025731206,0.1054840664,0.1052221134,0.0631039597,0.1071428571,0.1467918251,469545298
