cost,emissions,reliability,social
0.1693649272,0.2393830695,0.2460401187,0.3452118846
