{
  "seed": 154871723,
  "objective": 0.10551091993459537,
  "rho": 1.0,
  "cr": 1.1102230246251565e-16,
  "score_delta": 0.3791066876950736,
  "entropy_diff": 0.10282298056098005,
  "critic_diff": 0.10551091993459537,
  "merec_diff": 0.10554807488182665,
  "lopcow_diff": 0.11649672024171451,
  "mean_diff": 0.11130744530875128,
  "bayes_diff": 0.15996336254470167,
  "w_cost": 0.16880829936108996,
  "w_emissions": 0.23787302649162634,
  "w_reliability": 0.13452796652535448,
  "w_social": 0.4587907076219291
}