objective,rho,cr,score_delta,entropy_diff,critic_diff,merec_diff,lopcow_diff,mean_diff,bayes_diff,seed
0.1055109199,1.0000000000,0.0000000000,0.3791066877,0.1028229806,0.1055109199,0.1055480749,0.1164967202,0.1113074453,0.1599633625,154871723
