cost,emissions,reliability,social
0.1688082994,0.2378730265,0.1345279665,0.4587907076
