objective,rho,cr,score_delta,entropy_diff,critic_diff,merec_diff,lopcow_diff,mean_diff,bayes_diff,seed
0.1054840664,1.0000000000,0.0000000000,0.3857180411,0.1029901841,0.1054840664,0.1056391770,0.0868010910,0.1071428571,0.1472088886,24859491
