cost,emissions,reliability,social
0.1685308001,0.2788082833,0.3397970443,0.2128638722
