cost,emissions,reliability,social
0.1685117737,0.2454221960,0.4329360658,0.1531299645
