objective,rho,cr,score_delta,entropy_diff,critic_diff,merec_diff,lopcow_diff,mean_diff,bayes_diff,seed
0.1055109199,1.0000000000,0.0000000000,0.9654963582,0.1029712434,0.1055109199,0.1056963377,0.1182633872,0.1071428571,0.1477116754,241256793
