cost,emissions,reliability,social
0.4628198849,0.2218314910,0.1420490464,0.1732995777
