objective,rho,cr,score_delta,entropy_diff,critic_diff,merec_diff,lopcow_diff,mean_diff,bayes_diff,seed
0.0095271869,0.8750000000,0.0000000000,22842250.7675519139,0.0959767869,0.1055109199,0.0895724004,0.1648732928,0.1075469054,0.0095271869,363629857
