objective,rho,cr,score_delta,entropy_diff,critic_diff,merec_diff,lopcow_diff,mean_diff,bayes_diff,seed
0.0153589711,0.8750000000,0.0000000000,21204478.2580652125,0.0959767869,0.1055109199,0.0895724004,0.1649140137,0.1071428571,0.0153589711,856115378
