cost,emissions,reliability,social
0.4629013267,0.2056383641,0.1465786049,0.1848817044
