{
  "seed": 11697151,
  "objective": 0.0,
  "rho": 1.0,
  "cr": 0.0,
  "w_cost": 0.10689881398205146,
  "w_emissions": 0.018531614495244025,
  "w_reliability": 0.20999806882226418,
  "w_social": 0.6645715027004404
}