cost,emissions,reliability,social
0.1068988140,0.0185316145,0.2099980688,0.6645715027
