objective,rho,cr,score_delta,entropy_diff,critic_diff,merec_diff,lopcow_diff,mean_diff,bayes_diff,seed
0.0959635158,1.0000000000,0.0000000000,0.3804652497,0.0959635158,0.1054840664,0.0985860484,0.1670514095,0.1071428571,0.1500548839,553579400
