{
  "seed": 553579400,
  "objective": 0.09596351577720201,
  "rho": 1.0,
  "cr": 2.220446049250313e-16,
  "score_delta": 0.38046524973698803,
  "entropy_diff": 0.09596351577720201,
  "critic_diff": 0.10548406644063033,
  "merec_diff": 0.09858604840073755,
  "lopcow_diff": 0.16705140950388805,
  "mean_diff": 0.10714285714285705,
  "bayes_diff": 0.1500548839090417,
  "w_cost": 0.18263705724439117,
  "w_emissions": 0.5226628300728292,
  "w_reliability": 0.14826821154382908,
  "w_social": 0.14643190113895035
}