cost,emissions,reliability,social
0.1826370572,0.5226628301,0.1482682115,0.1464319011
