{
  "seed": 7362269,
  "objective": 0.03172611156794948,
  "rho": 1.0,
  "cr": 0.0,
  "score_delta": 3885202.3059157124,
  "entropy_diff": 0.1132784455694826,
  "critic_diff": 0.12030603605728132,
  "merec_diff": 0.10421658615791587,
  "lopcow_diff": 0.1660913398715028,
  "mean_diff": 0.13314318643322817,
  "bayes_diff": 0.03172611156794948,
  "w_cost": 0.4626489311635387,
  "w_emissions": 0.24073081688891118,
  "w_reliability": 0.2057637676711493,
  "w_social": 0.09085648427640076
}