objective,rho,cr,score_delta,entropy_diff,critic_diff,merec_diff,lopcow_diff,mean_diff,bayes_diff,seed
0.0317261116,1.0000000000,0.0000000000,3885202.3059157124,0.1132784456,0.1203060361,0.1042165862,0.1660913399,0.1331431864,0.0317261116,7362269
