cost,emissions,reliability,social
0.4626489312,0.2407308169,0.2057637677,0.0908564843
