cost,emissions,reliability,social
0.1685055736,0.3971886155,0.2941590622,0.1401467486
