{
  "seed": 495130942,
  "objective": 0.10551091993459537,
  "rho": 1.0,
  "cr": 2.220446049250313e-16,
  "score_delta": 0.6832082717328445,
  "entropy_diff": 0.10297434343710238,
  "critic_diff": 0.10551091993459537,
  "merec_diff": 0.10569943775794896,
  "lopcow_diff": 0.12475499517167249,
  "mean_diff": 0.10849805424996274,
  "bayes_diff": 0.15420638332474912,
  "w_cost": 0.16850557360884535,
  "w_emissions": 0.3971886155158407,
  "w_reliability": 0.29415906223238225,
  "w_social": 0.14014674864293156
}