objective,rho,cr,score_delta,entropy_diff,critic_diff,merec_diff,lopcow_diff,mean_diff,bayes_diff,seed
0.1055109199,1.0000000000,0.0000000000,0.6832082717,0.1029743434,0.1055109199,0.1056994378,0.1247549952,0.1084980542,0.1542063833,495130942
