cost,emissions,reliability,social
0.1685570830,0.1976384772,0.4195209486,0.2142834912
