{
  "seed": 691965758,
  "objective": 0.10551091993459538,
  "rho": 1.0,
  "cr": 0.0,
  "score_delta": 0.9738926816289247,
  "entropy_diff": 0.1029485887400135,
  "critic_diff": 0.10551091993459538,
  "merec_diff": 0.10723424549650905,
  "lopcow_diff": 0.10740584315276354,
  "mean_diff": 0.10714285714285712,
  "bayes_diff": 0.15955689191041805,
  "w_cost": 0.1685570830030231,
  "w_emissions": 0.19763847722680064,
  "w_reliability": 0.4195209485660299,
  "w_social": 0.2142834912041463
}