objective,rho,cr,score_delta,entropy_diff,critic_diff,merec_diff,lopcow_diff,mean_diff,bayes_diff,seed
0.1055109199,1.0000000000,0.0000000000,0.9738926816,0.1029485887,0.1055109199,0.1072342455,0.1074058432,0.1071428571,0.1595568919,691965758
