{
  "seed": 499149236,
  "objective": 0.10551091993459535,
  "rho": 1.0,
  "cr": 0.0,
  "score_delta": 0.42243429399047017,
  "entropy_diff": 0.10288517164573897,
  "critic_diff": 0.10551091993459535,
  "merec_diff": 0.10876035394270828,
  "lopcow_diff": 0.12560410207021916,
  "mean_diff": 0.1071428571428571,
  "bayes_diff": 0.16183979362625067,
  "w_cost": 0.16868391719157214,
  "w_emissions": 0.1944594261458531,
  "w_reliability": 0.15893069247268962,
  "w_social": 0.47792596418988503
}