cost,emissions,reliability,social
0.1686839172,0.1944594261,0.1589306925,0.4779259642
