objective,rho,cr,score_delta,entropy_diff,critic_diff,merec_diff,lopcow_diff,mean_diff,bayes_diff,seed
0.1055109199,1.0000000000,0.0000000000,0.4224342940,0.1028851716,0.1055109199,0.1087603539,0.1256041021,0.1071428571,0.1618397936,499149236
