cost,emissions,reliability,social
0.1685344557,0.3163797515,0.2170041806,0.2980816122
