objective,rho,cr,score_delta,entropy_diff,critic_diff,merec_diff,lopcow_diff,mean_diff,bayes_diff,seed
0.1054840664,1.0000000000,0.0000000000,0.4203535360,0.1029883564,0.1054840664,0.1056373492,0.0757703082,0.1071428571,0.1472070609,338943805
