{
  "seed": 338943805,
  "objective": 0.10548406644063035,
  "rho": 1.0,
  "cr": 1.1102230246251565e-16,
  "score_delta": 0.4203535360144597,
  "entropy_diff": 0.10298835635683859,
  "critic_diff": 0.10548406644063035,
  "merec_diff": 0.10563734917705825,
  "lopcow_diff": 0.07577030820262579,
  "mean_diff": 0.1071428571428571,
  "bayes_diff": 0.14720706086977745,
  "w_cost": 0.16853445569174985,
  "w_emissions": 0.3163797514808197,
  "w_reliability": 0.2170041805978554,
  "w_social": 0.29808161222957497
}