cost,emissions,reliability,social
0.1868890116,0.2218973206,0.4071748987,0.1840387690
