{
  "seed": 546061460,
  "objective": 0.09597678692397074,
  "rho": 1.0,
  "cr": 0.0,
  "score_delta": 0.895291810340292,
  "entropy_diff": 0.09597678692397074,
  "critic_diff": 0.10551091993459538,
  "merec_diff": 0.09650771873775754,
  "lopcow_diff": 0.11039878255422284,
  "mean_diff": 0.10714285714285712,
  "bayes_diff": 0.13826150588747468,
  "w_cost": 0.18688901164922822,
  "w_emissions": 0.2218973206264823,
  "w_reliability": 0.4071748987227434,
  "w_social": 0.1840387690015461
}