objective,rho,cr,score_delta,entropy_diff,critic_diff,merec_diff,lopcow_diff,mean_diff,bayes_diff,seed
0.0959767869,1.0000000000,0.0000000000,0.8952918103,0.0959767869,0.1055109199,0.0965077187,0.1103987826,0.1071428571,0.1382615059,546061460
