cost,emissions,reliability,social
0.1685318693,0.2066247049,0.4018976509,0.2229457749
