objective,rho,cr,score_delta,entropy_diff,critic_diff,merec_diff,lopcow_diff,mean_diff,bayes_diff,seed
0.1054840664,1.0000000000,0.0000000000,0.3775852623,0.1029896495,0.1054840664,0.1056386424,0.0980442544,0.1071428571,0.1551725327,961897664
