cost,emissions,reliability,social
0.2635881682,0.3246313828,0.2862174442,0.1255630049
