objective,rho,cr,score_delta,entropy_diff,critic_diff,merec_diff,lopcow_diff,mean_diff,bayes_diff,seed
0.0895724004,1.0000000000,0.0000000000,0.4971077935,0.0960240423,0.1055109199,0.0895724004,0.1320468671,0.1157899261,0.1139569579,596941015
