{
  "seed": 379144265,
  "objective": 0.0,
  "rho": 1.0,
  "cr": 0.0,
  "w_cost": 0.3260914596632877,
  "w_emissions": 0.20819381698290937,
  "w_reliability": 0.25677250095083126,
  "w_social": 0.20894222240297164
}