cost,emissions,reliability,social
0.1685051010,0.1878948080,0.2070377540,0.4365623370
