objective,rho,cr,score_delta,entropy_diff,critic_diff,merec_diff,lopcow_diff,mean_diff,bayes_diff,seed
0.1055109199,1.0000000000,0.0000000000,0.5688714000,0.1029745797,0.1055109199,0.1121320711,0.1048328804,0.1071428571,0.1644547175,969604544
