cost,emissions,reliability,social
0.4629569906,0.2004936209,0.2226508798,0.1138985087
