objective,rho,cr,score_delta,entropy_diff,critic_diff,merec_diff,lopcow_diff,mean_diff,bayes_diff,seed
0.0310849969,1.0000000000,0.0000000000,0.1545129036,0.1017574334,0.1087850239,0.0928039237,0.1654764284,0.1216221742,0.0310849969,736013340
