{
  "seed": 969176377,
  "objective": 0.09596351577720202,
  "rho": 1.0,
  "cr": 0.0,
  "score_delta": 0.36223151932093967,
  "entropy_diff": 0.09596351577720202,
  "critic_diff": 0.10548406644063035,
  "merec_diff": 0.09860964266961751,
  "lopcow_diff": 0.09940195787880376,
  "mean_diff": 0.10714285714285711,
  "bayes_diff": 0.14017935436233672,
  "w_cost": 0.18258986870663133,
  "w_emissions": 0.22289831487828077,
  "w_reliability": 0.3905550584798527,
  "w_social": 0.20395675793523513
}