cost,emissions,reliability,social
0.1825898687,0.2228983149,0.3905550585,0.2039567579
