cost,emissions,reliability,social
0.1685316077,0.3373611690,0.3535287068,0.1405785164
