objective,rho,cr,score_delta,entropy_diff,critic_diff,merec_diff,lopcow_diff,mean_diff,bayes_diff,seed
0.1054840664,1.0000000000,0.0000000000,0.4094623185,0.1029897803,0.1054840664,0.1056387732,0.1229437689,0.1082821703,0.1539237572,651931025
