cost,emissions,reliability,social
0.2957209592,0.3034651019,0.0806367058,0.3201772332
