{
  "seed": 232084372,
  "objective": 0.0,
  "rho": 1.0,
  "cr": 0.0,
  "w_cost": 0.2957209591777246,
  "w_emissions": 0.3034651018676589,
  "w_reliability": 0.08063670579846287,
  "w_social": 0.32017723315615376
}