objective,rho,cr,score_delta,entropy_diff,critic_diff,merec_diff,lopcow_diff,mean_diff,bayes_diff,seed
0.1055109199,1.0000000000,0.0000000000,0.6901082838,0.1029747447,0.1055109199,0.1056998390,0.0870515961,0.1071428571,0.1471569704,772201092
