cost,emissions,reliability,social
0.1685047712,0.3321986379,0.2837430442,0.2155535468
