{
  "seed": 327926335,
  "objective": 0.05304657946481831,
  "rho": 1.0,
  "cr": 0.0,
  "score_delta": 7212202.883414612,
  "entropy_diff": 0.11603039981847985,
  "critic_diff": 0.12049451350977124,
  "merec_diff": 0.10417833436272879,
  "lopcow_diff": 0.20943525246651837,
  "mean_diff": 0.14451035997414974,
  "bayes_diff": 0.05304657946481831,
  "w_cost": 0.4604369289318944,
  "w_emissions": 0.32858379101640506,
  "w_reliability": 0.11648150174081227,
  "w_social": 0.09449777831088826
}