objective,rho,cr,score_delta,entropy_diff,critic_diff,merec_diff,lopcow_diff,mean_diff,bayes_diff,seed
0.0530465795,1.0000000000,0.0000000000,7212202.8834146122,0.1160303998,0.1204945135,0.1041783344,0.2094352525,0.1445103600,0.0530465795,327926335
