cost,emissions,reliability,social
0.4604369289,0.3285837910,0.1164815017,0.0944977783
