{
  "seed": 555013166,
  "objective": 0.011543141536735448,
  "rho": 0.875,
  "cr": 0.0,
  "score_delta": 24724273.038362883,
  "entropy_diff": 0.09596351577720204,
  "critic_diff": 0.10548406644063035,
  "merec_diff": 0.08954939378098155,
  "lopcow_diff": 0.16597527382564428,
  "mean_diff": 0.11311003953589717,
  "bayes_diff": 0.011543141536735448,
  "w_cost": 0.46395468156254394,
  "w_emissions": 0.2308986750153023,
  "w_reliability": 0.17422386535109094,
  "w_social": 0.13092277807106276
}