cost,emissions,reliability,social
0.4639546816,0.2308986750,0.1742238654,0.1309227781
