objective,rho,cr,score_delta,entropy_diff,critic_diff,merec_diff,lopcow_diff,mean_diff,bayes_diff,seed
0.0115431415,0.8750000000,0.0000000000,24724273.0383628830,0.0959635158,0.1054840664,0.0895493938,0.1659752738,0.1131100395,0.0115431415,555013166
