{
  "seed": 26434701,
  "objective": 0.10551091993459541,
  "rho": 1.0,
  "cr": 0.0,
  "score_delta": 0.7137222728227213,
  "entropy_diff": 0.10294235590634834,
  "critic_diff": 0.10551091993459541,
  "merec_diff": 0.10566745022719494,
  "lopcow_diff": 0.07664057609072213,
  "mean_diff": 0.10714285714285715,
  "bayes_diff": 0.15280783540061513,
  "w_cost": 0.16856954867035348,
  "w_emissions": 0.2111241245790762,
  "w_reliability": 0.2707347797586936,
  "w_social": 0.3495715469918768
}