objective,rho,cr,score_delta,entropy_diff,critic_diff,merec_diff,lopcow_diff,mean_diff,bayes_diff,seed
0.1055109199,1.0000000000,0.0000000000,0.7137222728,0.1029423559,0.1055109199,0.1056674502,0.0766405761,0.1071428571,0.1528078354,26434701
