cost,emissions,reliability,social
0.1685695487,0.2111241246,0.2707347798,0.3495715470
