objective,rho,cr,score_delta,entropy_diff,critic_diff,merec_diff,lopcow_diff,mean_diff,bayes_diff,seed
0.0118177077,1.0000000000,0.0000000000,10018516.4814817850,0.0959767869,0.1055109199,0.0895724004,0.1648704227,0.1106812829,0.0118177077,933926565
