cost,emissions,reliability,social
0.4628141447,0.2173258695,0.1840796943,0.1357802914
