cost,emissions,reliability,social
0.2494336698,0.3781724598,0.1207232547,0.2516706157
