{
  "seed": 408982734,
  "objective": 0.0,
  "rho": 1.0,
  "cr": 0.0,
  "w_cost": 0.2494336698484328,
  "w_emissions": 0.3781724597631021,
  "w_reliability": 0.12072325466519547,
  "w_social": 0.25167061572326965
}