cost,emissions,reliability,social
0.4627104542,0.2088375451,0.1614462413,0.1670057594
