{
  "seed": 532530433,
  "objective": 0.006880672355102403,
  "rho": 0.875,
  "cr": 0.0,
  "score_delta": 17132042.890688337,
  "entropy_diff": 0.09597678692397077,
  "critic_diff": 0.10551091993459544,
  "merec_diff": 0.0895724004315206,
  "lopcow_diff": 0.1648185774655091,
  "mean_diff": 0.10714285714285715,
  "bayes_diff": 0.006880672355102403,
  "w_cost": 0.4627104541960835,
  "w_emissions": 0.20883754514437164,
  "w_reliability": 0.1614462412945459,
  "w_social": 0.16700575936499906
}