cost,emissions,reliability,social
0.4628360070,0.2098592248,0.1939722050,0.1333325632
