objective,rho,cr,score_delta,entropy_diff,critic_diff,merec_diff,lopcow_diff,mean_diff,bayes_diff,seed
0.0167726105,1.0000000000,0.0000000000,7289693.3649831600,0.0959767869,0.1055109199,0.0895724004,0.1648813539,0.1119051470,0.0167726105,93408124
