{
  "seed": 933926565,
  "objective": 0.10551091993459537,
  "rho": 1.0,
  "cr": 1.1102230246251565e-16,
  "score_delta": 0.7663522377368058,
  "entropy_diff": 0.10291897354267249,
  "critic_diff": 0.10551091993459537,
  "merec_diff": 0.1056440678635191,
  "lopcow_diff": 0.1210626593510511,
  "mean_diff": 0.1071428571428571,
  "bayes_diff": 0.1504586776096979,
  "w_cost": 0.16861631339770508,
  "w_emissions": 0.350635180738647,
  "w_reliability": 0.3332170855794735,
  "w_social": 0.1475314202841743
}