cost,emissions,reliability,social
0.1686163134,0.3506351807,0.3332170856,0.1475314203
