objective,rho,cr,score_delta,entropy_diff,critic_diff,merec_diff,lopcow_diff,mean_diff,bayes_diff,seed
0.1055109199,1.0000000000,0.0000000000,0.7663522377,0.1029189735,0.1055109199,0.1056440679,0.1210626594,0.1071428571,0.1504586776,933926565
