objective,rho,cr,score_delta,entropy_diff,critic_diff,merec_diff,lopcow_diff,mean_diff,bayes_diff,seed
0.0300195204,1.0000000000,0.0000000000,1411307.4017261988,0.0994785972,0.1055109199,0.1022011818,0.1652629807,0.1079734641,0.0300195204,330378907
