{
  "seed": 330378907,
  "objective": 0.030019520367793907,
  "rho": 1.0,
  "cr": 1.1102230246251565e-16,
  "score_delta": 1411307.4017261988,
  "entropy_diff": 0.09947859719356689,
  "critic_diff": 0.10551091993459535,
  "merec_diff": 0.10220118183602116,
  "lopcow_diff": 0.16526298068607848,
  "mean_diff": 0.10797346407169507,
  "bayes_diff": 0.030019520367793907,
  "w_cost": 0.4635992606372221,
  "w_emissions": 0.17550203928909733,
  "w_reliability": 0.21970277107421352,
  "w_social": 0.1411959289994669
}