cost,emissions,reliability,social
0.4635992606,0.1755020393,0.2197027711,0.1411959290
