objective,rho,cr,score_delta,entropy_diff,critic_diff,merec_diff,lopcow_diff,mean_diff,bayes_diff,seed
0.1054840664,1.0000000000,0.0000000000,0.3859933635,0.0986296023,0.1054840664,0.1012785951,0.1508557620,0.1071428571,0.1483034343,24823131
