{
  "seed": 24823131,
  "objective": 0.10548406644063035,
  "rho": 1.0,
  "cr": 0.0,
  "score_delta": 0.3859933634752857,
  "entropy_diff": 0.09862960229309212,
  "critic_diff": 0.10548406644063035,
  "merec_diff": 0.10127859511331175,
  "lopcow_diff": 0.1508557620265502,
  "mean_diff": 0.10714285714285712,
  "bayes_diff": 0.14830343434815163,
  "w_cost": 0.17725196381924285,
  "w_emissions": 0.49565662854330195,
  "w_reliability": 0.18399260157716285,
  "w_social": 0.1430988060602923
}