cost,emissions,reliability,social
0.1772519638,0.4956566285,0.1839926016,0.1430988061
