cost,emissions,reliability,social
0.2367581559,0.3387161420,0.2776805624,0.1468451397
