cost,emissions,reliability,social
0.1825057333,0.4895273434,0.1326864306,0.1952804927
