objective,rho,cr,score_delta,entropy_diff,critic_diff,merec_diff,lopcow_diff,mean_diff,bayes_diff,seed
0.0959767869,1.0000000000,0.0000000000,0.5127111273,0.0959767869,0.1055109199,0.0986993579,0.1509414309,0.1122282133,0.1540354135,52823136
