cost,emissions,reliability,social
0.4628199894,0.1564242043,0.2201023133,0.1606534930
