objective,rho,cr,score_delta,entropy_diff,critic_diff,merec_diff,lopcow_diff,mean_diff,bayes_diff,seed
0.0330332139,1.0000000000,0.0000000000,1254303.5343120957,0.1090175147,0.1115516603,0.1117400993,0.1648733450,0.1071428571,0.0330332139,702891158
