{
  "seed": 15432606,
  "objective": 0.010420795699781,
  "rho": 1.0,
  "cr": 1.1102230246251565e-16,
  "score_delta": 10844050.8518425,
  "entropy_diff": 0.09597678692397071,
  "critic_diff": 0.10551091993459538,
  "merec_diff": 0.08957240043152055,
  "lopcow_diff": 0.1648713108698379,
  "mean_diff": 0.1071428571428571,
  "bayes_diff": 0.010420795699781,
  "w_cost": 0.462815921004741,
  "w_emissions": 0.20715180722000615,
  "w_reliability": 0.1812858704115184,
  "w_social": 0.14874640136373438
}