cost,emissions,reliability,social
0.4628159210,0.2071518072,0.1812858704,0.1487464014
