cost,emissions,reliability,social
0.4630078108,0.1877324744,0.1940781034,0.1551816114
