objective,rho,cr,score_delta,entropy_diff,critic_diff,merec_diff,lopcow_diff,mean_diff,bayes_diff,seed
0.0174102939,1.0000000000,0.0000000000,10783953.9055822752,0.0959635158,0.1054840664,0.0960383168,0.1655018385,0.1071428571,0.0174102939,746789611
