{
  "seed": 746789611,
  "objective": 0.017410293938380436,
  "rho": 1.0,
  "cr": 1.1102230246251565e-16,
  "score_delta": 10783953.905582275,
  "entropy_diff": 0.09596351577720204,
  "critic_diff": 0.10548406644063035,
  "merec_diff": 0.09603831675780487,
  "lopcow_diff": 0.1655018384514128,
  "mean_diff": 0.10714285714285708,
  "bayes_diff": 0.017410293938380436,
  "w_cost": 0.46300781081408093,
  "w_emissions": 0.18773247437798501,
  "w_reliability": 0.19407810343349174,
  "w_social": 0.15518161137444222
}