objective,rho,cr,score_delta,entropy_diff,critic_diff,merec_diff,lopcow_diff,mean_diff,bayes_diff,seed
0.0959767869,1.0000000000,0.0000000000,0.5780092863,0.0959767869,0.1055109199,0.0986913562,0.1308673275,0.1146103866,0.1533106341,422517844
