{
  "seed": 422517844,
  "objective": 0.09597678692397074,
  "rho": 1.0,
  "cr": 0.0,
  "score_delta": 0.5780092862700681,
  "entropy_diff": 0.09597678692397074,
  "critic_diff": 0.10551091993459537,
  "merec_diff": 0.09869135621171647,
  "lopcow_diff": 0.13086732749876723,
  "mean_diff": 0.11461038657705752,
  "bayes_diff": 0.1533106341056114,
  "w_cost": 0.18252173670131033,
  "w_emissions": 0.44032751160456995,
  "w_reliability": 0.2492286677053776,
  "w_social": 0.12792208398874202
}