cost,emissions,reliability,social
0.1825217367,0.4403275116,0.2492286677,0.1279220840
