{
  "seed": 656894747,
  "objective": 0.011644297675708036,
  "rho": 0.875,
  "cr": 0.0,
  "score_delta": 24937143.79787083,
  "entropy_diff": 0.09597678692397073,
  "critic_diff": 0.10551091993459535,
  "merec_diff": 0.08957240043152055,
  "lopcow_diff": 0.16488200330431207,
  "mean_diff": 0.10999358674115839,
  "bayes_diff": 0.011644297675708036,
  "w_cost": 0.4628373058736894,
  "w_emissions": 0.223538876355295,
  "w_reliability": 0.1371556836605403,
  "w_social": 0.17646813411047518
}