cost,emissions,reliability,social
0.4628373059,0.2235388764,0.1371556837,0.1764681341
