objective,rho,cr,score_delta,entropy_diff,critic_diff,merec_diff,lopcow_diff,mean_diff,bayes_diff,seed
0.0116442977,0.8750000000,0.0000000000,24937143.7978708297,0.0959767869,0.1055109199,0.0895724004,0.1648820033,0.1099935867,0.0116442977,656894747
