objective,rho,cr,score_delta,entropy_diff,critic_diff,merec_diff,lopcow_diff,mean_diff,bayes_diff,seed
0.1054840664,1.0000000000,0.0000000000,0.3902375085,0.1026236069,0.1054840664,0.1052725997,0.1182657795,0.1087521399,0.1572676723,916348019
