cost,emissions,reliability,social
0.1692639546,0.4384646728,0.1396385774,0.2526327952
