{
  "seed": 916348019,
  "objective": 0.10548406644063035,
  "rho": 1.0,
  "cr": 0.0,
  "score_delta": 0.3902375085248577,
  "entropy_diff": 0.10262360689653874,
  "critic_diff": 0.10548406644063035,
  "merec_diff": 0.1052725997167584,
  "lopcow_diff": 0.11826577953500354,
  "mean_diff": 0.10875213988488663,
  "bayes_diff": 0.1572676723076435,
  "w_cost": 0.16926395461234955,
  "w_emissions": 0.4384646727671019,
  "w_reliability": 0.1396385773730838,
  "w_social": 0.2526327952474647
}