{
  "seed": 675602143,
  "objective": 0.09597678692397074,
  "rho": 1.0,
  "cr": 0.0,
  "score_delta": 0.5540563791128954,
  "entropy_diff": 0.09597678692397074,
  "critic_diff": 0.10551091993459537,
  "merec_diff": 0.09868101736363391,
  "lopcow_diff": 0.12196943110756009,
  "mean_diff": 0.10714285714285711,
  "bayes_diff": 0.140138148783208,
  "w_cost": 0.18254241439747546,
  "w_emissions": 0.4315466628329075,
  "w_reliability": 0.2219618555681949,
  "w_social": 0.16394906720142208
}