cost,emissions,reliability,social
0.1825424144,0.4315466628,0.2219618556,0.1639490672
