objective,rho,cr,score_delta,entropy_diff,critic_diff,merec_diff,lopcow_diff,mean_diff,bayes_diff,seed
0.0959767869,1.0000000000,0.0000000000,0.5540563791,0.0959767869,0.1055109199,0.0986810174,0.1219694311,0.1071428571,0.1401381488,675602143
