cost,emissions,reliability,social
0.1380104910,0.6346990477,0.1616224785,0.0656679828
