{
  "seed": 531348033,
  "objective": 0.09596351577720202,
  "rho": 1.0,
  "cr": 2.220446049250313e-16,
  "score_delta": 0.3970413330467294,
  "entropy_diff": 0.09596351577720202,
  "critic_diff": 0.10548406644063034,
  "merec_diff": 0.10137818322371962,
  "lopcow_diff": 0.0891768012357008,
  "mean_diff": 0.1071428571428571,
  "bayes_diff": 0.15386926587799596,
  "w_cost": 0.19071585651778558,
  "w_emissions": 0.18704725141227319,
  "w_reliability": 0.33715803444933024,
  "w_social": 0.28507885762061086
}