objective,rho,cr,score_delta,entropy_diff,critic_diff,merec_diff,lopcow_diff,mean_diff,bayes_diff,seed
0.0959635158,1.0000000000,0.0000000000,0.3970413330,0.0959635158,0.1054840664,0.1013781832,0.0891768012,0.1071428571,0.1538692659,531348033
