cost,emissions,reliability,social
0.1907158565,0.1870472514,0.3371580344,0.2850788576
