objective,rho,cr,score_delta,entropy_diff,critic_diff,merec_diff,lopcow_diff,mean_diff,bayes_diff,seed
0.0215626607,0.8750000000,0.0000000000,13610857.6558212303,0.0973583325,0.1054840664,0.1000048145,0.1652863527,0.1071428571,0.0215626607,50146171
