{
  "seed": 50146171,
  "objective": 0.021562660703020563,
  "rho": 0.875,
  "cr": 0.0,
  "score_delta": 13610857.65582123,
  "entropy_diff": 0.09735833248312051,
  "critic_diff": 0.10548406644063035,
  "merec_diff": 0.10000481449359333,
  "lopcow_diff": 0.16528635273117304,
  "mean_diff": 0.10714285714285712,
  "bayes_diff": 0.021562660703020563,
  "w_cost": 0.46257683937360144,
  "w_emissions": 0.17979947890640816,
  "w_reliability": 0.18943232360939197,
  "w_social": 0.16819135811059843
}