cost,emissions,reliability,social
0.4625768394,0.1797994789,0.1894323236,0.1681913581
