cost,emissions,reliability,social
0.4628636782,0.2019912368,0.1598412285,0.1753038565
