{
  "seed": 82729999,
  "objective": 0.010647397685834378,
  "rho": 0.875,
  "cr": 1.1102230246251565e-16,
  "score_delta": 26980076.24258435,
  "entropy_diff": 0.09596351577720202,
  "critic_diff": 0.10548406644063034,
  "merec_diff": 0.08954939378098153,
  "lopcow_diff": 0.16542977215088742,
  "mean_diff": 0.10714285714285712,
  "bayes_diff": 0.010647397685834378,
  "w_cost": 0.46286367821303015,
  "w_emissions": 0.20199123681365622,
  "w_reliability": 0.15984122845711116,
  "w_social": 0.1753038565162024
}