cost,emissions,reliability,social
0.1685313122,0.2075151027,0.3834326045,0.2405209805
