objective,rho,cr,score_delta,entropy_diff,critic_diff,merec_diff,lopcow_diff,mean_diff,bayes_diff,seed
0.1055109199,1.0000000000,0.0000000000,0.9166028162,0.1029614741,0.1055109199,0.1056865684,0.0893487858,0.1071428571,0.1546314646,408982734
