{
  "seed": 926897869,
  "objective": 0.10551091993459538,
  "rho": 1.0,
  "cr": 0.0,
  "score_delta": 0.5440814395789968,
  "entropy_diff": 0.10293584820541914,
  "critic_diff": 0.10551091993459538,
  "merec_diff": 0.10566094252626573,
  "lopcow_diff": 0.07878247772330031,
  "mean_diff": 0.10714285714285712,
  "bayes_diff": 0.14711807394583984,
  "w_cost": 0.16858256407221184,
  "w_emissions": 0.31237166512678916,
  "w_reliability": 0.2099564515621829,
  "w_social": 0.30908931923881605
}