objective,rho,cr,score_delta,entropy_diff,critic_diff,merec_diff,lopcow_diff,mean_diff,bayes_diff,seed
0.1055109199,1.0000000000,0.0000000000,0.5440814396,0.1029358482,0.1055109199,0.1056609425,0.0787824777,0.1071428571,0.1471180739,926897869
