cost,emissions,reliability,social
0.1685825641,0.3123716651,0.2099564516,0.3090893192
