cost,emissions,reliability,social
0.4630352917,0.2010123369,0.1654141697,0.1705382017
