objective,rho,cr,score_delta,entropy_diff,critic_diff,merec_diff,lopcow_diff,mean_diff,bayes_diff,seed
0.0107703627,0.8750000000,0.0000000000,28391333.8001210466,0.0959635158,0.1054840664,0.0895493938,0.1655155789,0.1071428571,0.0107703627,843588384
