{
  "seed": 843588384,
  "objective": 0.01077036265622202,
  "rho": 0.875,
  "cr": 0.0,
  "score_delta": 28391333.800121047,
  "entropy_diff": 0.09596351577720208,
  "critic_diff": 0.1054840664406304,
  "merec_diff": 0.08954939378098156,
  "lopcow_diff": 0.16551557888895496,
  "mean_diff": 0.10714285714285712,
  "bayes_diff": 0.01077036265622202,
  "w_cost": 0.46303529168916535,
  "w_emissions": 0.20101233694230192,
  "w_reliability": 0.1654141697137026,
  "w_social": 0.1705382016548302
}