cost,emissions,reliability,social
0.1391219697,0.4955744160,0.1746259656,0.1906776486
