{
  "seed": 576933952,
  "objective": 0.0,
  "rho": 1.0,
  "cr": 0.0,
  "w_cost": 0.1391219696746297,
  "w_emissions": 0.49557441604946373,
  "w_reliability": 0.17462596564182423,
  "w_social": 0.19067764863408243
}