cost,emissions,reliability,social
0.1825915930,0.2577369065,0.3936048353,0.1660666653
