objective,rho,cr,score_delta,entropy_diff,critic_diff,merec_diff,lopcow_diff,mean_diff,bayes_diff,seed
0.0959767869,1.0000000000,0.0000000000,0.6975750088,0.0959767869,0.1055109199,0.1026797344,0.0858040525,0.1071428571,0.1550023808,7730759
