{
  "seed": 7730759,
  "objective": 0.09597678692397071,
  "rho": 1.0,
  "cr": 2.220446049250313e-16,
  "score_delta": 0.6975750088491277,
  "entropy_diff": 0.09597678692397071,
  "critic_diff": 0.10551091993459535,
  "merec_diff": 0.10267973437128848,
  "lopcow_diff": 0.0858040524916653,
  "mean_diff": 0.10714285714285707,
  "bayes_diff": 0.1550023807851975,
  "w_cost": 0.18250741070307508,
  "w_emissions": 0.19279717177718972,
  "w_reliability": 0.2790752804294728,
  "w_social": 0.3456201370902622
}