cost,emissions,reliability,social
0.1825074107,0.1927971718,0.2790752804,0.3456201371
