{
  "seed": 299992790,
  "objective": 0.09596351577720205,
  "rho": 1.0,
  "cr": 0.0,
  "score_delta": 0.3843071192299531,
  "entropy_diff": 0.09596351577720205,
  "critic_diff": 0.10548406644063037,
  "merec_diff": 0.09858834376278255,
  "lopcow_diff": 0.07311096738685627,
  "mean_diff": 0.10714285714285712,
  "bayes_diff": 0.14015805545550175,
  "w_cost": 0.18263246652030127,
  "w_emissions": 0.2858768536046697,
  "w_reliability": 0.2912465604758071,
  "w_social": 0.24024411939922194
}