cost,emissions,reliability,social
0.1826324665,0.2858768536,0.2912465605,0.2402441194
