objective,rho,cr,score_delta,entropy_diff,critic_diff,merec_diff,lopcow_diff,mean_diff,bayes_diff,seed
0.0220924703,1.0000000000,0.0000000000,14073550.9867792856,0.1036275902,0.1105196038,0.0942492449,0.1742392892,0.1233934741,0.0220924703,165987865
