{
  "seed": 165987865,
  "objective": 0.02209247030077451,
  "rho": 1.0,
  "cr": 2.220446049250313e-16,
  "score_delta": 14073550.986779286,
  "entropy_diff": 0.10362759024875803,
  "critic_diff": 0.11051960379109405,
  "merec_diff": 0.0942492448897786,
  "lopcow_diff": 0.1742392891966188,
  "mean_diff": 0.12339347409281436,
  "bayes_diff": 0.02209247030077451,
  "w_cost": 0.46252423934249776,
  "w_emissions": 0.2561045540660027,
  "w_reliability": 0.1710152976342712,
  "w_social": 0.11035590895722851
}