cost,emissions,reliability,social
0.4625242393,0.2561045541,0.1710152976,0.1103559090
