objective,rho,cr,score_delta,entropy_diff,critic_diff,merec_diff,lopcow_diff,mean_diff,bayes_diff,seed
0.0154021226,0.8750000000,0.0000000000,41597845.0150328502,0.0959635158,0.1054840664,0.0895493938,0.1723549330,0.1137284543,0.0154021226,804124525
