cost,emissions,reliability,social
0.4629476830,0.2529592513,0.1296859485,0.1544071172
