{
  "seed": 804124525,
  "objective": 0.015402122551109836,
  "rho": 0.875,
  "cr": 0.0,
  "score_delta": 41597845.01503285,
  "entropy_diff": 0.09596351577720205,
  "critic_diff": 0.10548406644063038,
  "merec_diff": 0.08954939378098156,
  "lopcow_diff": 0.17235493297095966,
  "mean_diff": 0.11372845430707071,
  "bayes_diff": 0.015402122551109836,
  "w_cost": 0.462947682969785,
  "w_emissions": 0.2529592512815787,
  "w_reliability": 0.12968594852871573,
  "w_social": 0.15440711721992062
}