cost,emissions,reliability,social
0.4649253757,0.2656933689,0.1645896131,0.1047916423
