{
  "seed": 461721465,
  "objective": 0.024727367325470467,
  "rho": 0.875,
  "cr": 1.1102230246251565e-16,
  "score_delta": 16428587.662346192,
  "entropy_diff": 0.10640972358415084,
  "critic_diff": 0.11330173712648686,
  "merec_diff": 0.0970313782251714,
  "lopcow_diff": 0.1802342648030017,
  "mean_diff": 0.12617560742820716,
  "bayes_diff": 0.024727367325470467,
  "w_cost": 0.4649253757068541,
  "w_emissions": 0.26569336891441214,
  "w_reliability": 0.16458961309229095,
  "w_social": 0.10479164228644282
}