objective,rho,cr,score_delta,entropy_diff,critic_diff,merec_diff,lopcow_diff,mean_diff,bayes_diff,seed
0.0247273673,0.8750000000,0.0000000000,16428587.6623461917,0.1064097236,0.1133017371,0.0970313782,0.1802342648,0.1261756074,0.0247273673,461721465
