cost,emissions,reliability,social
0.1826082747,0.3224571798,0.3052643097,0.1896702357
