{
  "seed": 427969765,
  "objective": 0.09597678692397074,
  "rho": 1.0,
  "cr": 1.1102230246251565e-16,
  "score_delta": 0.70031233777897,
  "entropy_diff": 0.09597678692397074,
  "critic_diff": 0.10551091993459538,
  "merec_diff": 0.09864808720159608,
  "lopcow_diff": 0.0999932516322607,
  "mean_diff": 0.10714285714285711,
  "bayes_diff": 0.14010521862117017,
  "w_cost": 0.18260827472155114,
  "w_emissions": 0.32245717981664423,
  "w_reliability": 0.3052643097400494,
  "w_social": 0.18967023572175515
}