cost,emissions,reliability,social
0.1709085460,0.2113176037,0.4598455870,0.1579282634
