objective,rho,cr,score_delta,entropy_diff,critic_diff,merec_diff,lopcow_diff,mean_diff,bayes_diff,seed
0.1054840664,1.0000000000,0.0000000000,0.3877808754,0.1018013112,0.1054840664,0.1044503040,0.1282065608,0.1071428571,0.1516377450,80049283
