{
  "seed": 80049283,
  "objective": 0.10548406644063035,
  "rho": 1.0,
  "cr": 1.1102230246251565e-16,
  "score_delta": 0.3877808753912299,
  "entropy_diff": 0.10180131122366226,
  "critic_diff": 0.10548406644063035,
  "merec_diff": 0.10445030404388192,
  "lopcow_diff": 0.12820656075260195,
  "mean_diff": 0.1071428571428571,
  "bayes_diff": 0.15163774501945299,
  "w_cost": 0.17090854595810248,
  "w_emissions": 0.21131760368904226,
  "w_reliability": 0.4598455869759779,
  "w_social": 0.15792826337687726
}