objective,rho,cr,score_delta,entropy_diff,critic_diff,merec_diff,lopcow_diff,mean_diff,bayes_diff,seed
0.0959635158,1.0000000000,0.0000000000,0.5029627391,0.0959635158,0.1054840664,0.0985932636,0.1124277827,0.1071428571,0.1485630091,621859989
