{
  "seed": 621859989,
  "objective": 0.09596351577720204,
  "rho": 1.0,
  "cr": 0.0,
  "score_delta": 0.5029627391296774,
  "entropy_diff": 0.09596351577720204,
  "critic_diff": 0.10548406644063035,
  "merec_diff": 0.09859326363339213,
  "lopcow_diff": 0.11242778271301161,
  "mean_diff": 0.10714285714285711,
  "bayes_diff": 0.14856300912227724,
  "w_cost": 0.18262262677908211,
  "w_emissions": 0.25283579031316644,
  "w_reliability": 0.14368923157708374,
  "w_social": 0.4208523513306676
}