cost,emissions,reliability,social
0.1826226268,0.2528357903,0.1436892316,0.4208523513
