cost,emissions,reliability,social
0.2364885247,0.2141741015,0.0588469370,0.4904904369
