cost,emissions,reliability,social
0.1722957161,0.2068777803,0.3287766123,0.2920498914
