{
  "seed": 705406365,
  "objective": 0.10548406644063037,
  "rho": 1.0,
  "cr": 0.0,
  "score_delta": 0.43111098309376217,
  "entropy_diff": 0.10110772617191169,
  "critic_diff": 0.10548406644063037,
  "merec_diff": 0.10375671899213135,
  "lopcow_diff": 0.07926153681416408,
  "mean_diff": 0.10714285714285712,
  "bayes_diff": 0.15316407168455015,
  "w_cost": 0.1722957160616037,
  "w_emissions": 0.2068777802553467,
  "w_reliability": 0.328776612293257,
  "w_social": 0.2920498913897926
}