objective,rho,cr,score_delta,entropy_diff,critic_diff,merec_diff,lopcow_diff,mean_diff,bayes_diff,seed
0.1054840664,1.0000000000,0.0000000000,0.4311109831,0.1011077262,0.1054840664,0.1037567190,0.0792615368,0.1071428571,0.1531640717,705406365
