objective,rho,cr,score_delta,entropy_diff,critic_diff,merec_diff,lopcow_diff,mean_diff,bayes_diff,seed
0.1055109199,1.0000000000,0.0000000000,0.6436699065,0.1029593919,0.1055109199,0.1056844862,0.0899402047,0.1071428571,0.1471416176,206343911
