cost,emissions,reliability,social
0.1685354767,0.3576640525,0.2640241412,0.2097763296
