{
  "seed": 206343911,
  "objective": 0.10551091993459538,
  "rho": 1.0,
  "cr": 0.0,
  "score_delta": 0.6436699065471786,
  "entropy_diff": 0.10295939186999026,
  "critic_diff": 0.10551091993459538,
  "merec_diff": 0.10568448619083685,
  "lopcow_diff": 0.08994020471672186,
  "mean_diff": 0.10714285714285712,
  "bayes_diff": 0.14714161761041095,
  "w_cost": 0.16853547674306962,
  "w_emissions": 0.3576640525350873,
  "w_reliability": 0.26402414116901024,
  "w_social": 0.20977632955283282
}