cost,emissions,reliability,social
0.1685315737,0.3831601714,0.2599521283,0.1883561265
