objective,rho,cr,score_delta,entropy_diff,critic_diff,merec_diff,lopcow_diff,mean_diff,bayes_diff,seed
0.1054840664,1.0000000000,0.0000000000,0.3969821051,0.1029897973,0.1054840664,0.1056387902,0.0990549638,0.1071428571,0.1472085019,188225171
