objective,rho,cr,score_delta,entropy_diff,critic_diff,merec_diff,lopcow_diff,mean_diff,bayes_diff,seed
0.1054840664,1.0000000000,0.0000000000,0.3823518455,0.1019639306,0.1054840664,0.1046129234,0.0840048485,0.1071428571,0.1461826351,925120118
