cost,emissions,reliability,social
0.1705833073,0.2281603165,0.3717674011,0.2294889752
