cost,emissions,reliability,social
0.1685062541,0.3599066728,0.1746385618,0.2969485113
