objective,rho,cr,score_delta,entropy_diff,critic_diff,merec_diff,lopcow_diff,mean_diff,bayes_diff,seed
0.1055109199,1.0000000000,0.0000000000,0.5164167860,0.1029740032,0.1055109199,0.1056990975,0.0964414226,0.1071428571,0.1471562289,61114380
