cost,emissions,reliability,social
0.1685339620,0.2276925520,0.1468558816,0.4569176043
