objective,rho,cr,score_delta,entropy_diff,critic_diff,merec_diff,lopcow_diff,mean_diff,bayes_diff,seed
0.1054840664,1.0000000000,0.0000000000,0.5488367119,0.1029886032,0.1054840664,0.1056375960,0.1165946489,0.1071428571,0.1540240165,705165378
