cost,emissions,reliability,social
0.1825882236,0.2626143792,0.1434875429,0.4113098543
