objective,rho,cr,score_delta,entropy_diff,critic_diff,merec_diff,lopcow_diff,mean_diff,bayes_diff,seed
0.0959635158,1.0000000000,0.0000000000,0.4962900640,0.0959635158,0.1054840664,0.0986104652,0.1125286271,0.1071428571,0.1486810551,76343185
