cost,emissions,reliability,social
0.2315211748,0.3890939934,0.1451579403,0.2342268916
