{
  "seed": 36970727,
  "objective": 0.09596351577720205,
  "rho": 1.0,
  "cr": 0.0,
  "score_delta": 0.42259285644908196,
  "entropy_diff": 0.09596351577720205,
  "critic_diff": 0.10548406644063038,
  "merec_diff": 0.09731698538078487,
  "lopcow_diff": 0.07223300310529092,
  "mean_diff": 0.10714285714285712,
  "bayes_diff": 0.13969580436433052,
  "w_cost": 0.18517518328429666,
  "w_emissions": 0.22093484767309302,
  "w_reliability": 0.2752641283127735,
  "w_social": 0.3186258407298368
}