cost,emissions,reliability,social
0.1851751833,0.2209348477,0.2752641283,0.3186258407
