cost,emissions,reliability,social
0.2238278670,0.3945583021,0.1878922342,0.1937215967
