cost,emissions,reliability,social
0.1825108026,0.2565577626,0.2346198307,0.3263116040
