Alternative,fuzzy_topsis_score,fuzzy_topsis_rank,vikor_score,vikor_rank,copras_score,copras_rank,moora_score,moora_rank
C2,0.9600132478,1.0000000000,0.0000000000,1.0000000000,1.0776796824,1.0000000000,0.0336059085,1.0000000000
C3,0.3872195330,2.0000000000,0.5044129200,2.0000000000,0.2872004875,2.0000000000,-0.2698937363,2.0000000000
C1,0.0311086011,3.0000000000,1.0000000000,3.0000000000,0.2182453704,3.0000000000,-0.4640603398,3.0000000000
