{
  "seed": 275840867,
  "objective": 0.019510282160763483,
  "rho": 1.0,
  "cr": 1.1102230246251565e-16,
  "score_delta": 5926133.880151816,
  "entropy_diff": 0.09597678692397074,
  "critic_diff": 0.10551091993459541,
  "merec_diff": 0.093481572211479,
  "lopcow_diff": 0.164926050132557,
  "mean_diff": 0.10714285714285711,
  "bayes_diff": 0.019510282160763483,
  "w_cost": 0.4629253995301793,
  "w_emissions": 0.1929412585381817,
  "w_reliability": 0.19935815576719554,
  "w_social": 0.14477518616444343
}