cost,emissions,reliability,social
0.4629253995,0.1929412585,0.1993581558,0.1447751862
