objective,rho,cr,score_delta,entropy_diff,critic_diff,merec_diff,lopcow_diff,mean_diff,bayes_diff,seed
0.0195102822,1.0000000000,0.0000000000,5926133.8801518157,0.0959767869,0.1055109199,0.0934815722,0.1649260501,0.1071428571,0.0195102822,275840867
