cost,emissions,reliability,social
0.1826329387,0.2248673174,0.3150810678,0.2774186761
