objective,rho,cr,score_delta,entropy_diff,critic_diff,merec_diff,lopcow_diff,mean_diff,bayes_diff,seed
0.0959635158,1.0000000000,0.0000000000,0.4085273262,0.0959635158,0.1054840664,0.0985881077,0.0702667682,0.1071428571,0.1401578194,890792490
