hour,value
1,0.500000
2,0.500000
3,0.500000
4,0.500000
5,0.500000
6,0.500000
7,0.828000
8,0.828000
9,1.940500
10,1.940500
11,1.940500
12,2.432500
13,1.545000
14,1.545000
15,1.545000
16,0.612500
17,0.612500
18,4.540000
19,8.095000
20,16.300000
21,23.500000
22,21.355000
23,11.210000
24,2.750000
