cost,emissions,reliability,social
0.4990563359,0.1095063884,0.3704115791,0.0210256967
