{
  "seed": 393543393,
  "objective": 0.09597678692397077,
  "rho": 1.0,
  "cr": 0.0,
  "score_delta": 0.5684805476358751,
  "entropy_diff": 0.09597678692397077,
  "critic_diff": 0.10551091993459541,
  "merec_diff": 0.09867523297791499,
  "lopcow_diff": 0.07166493617978237,
  "mean_diff": 0.10714285714285712,
  "bayes_diff": 0.1401323643974891,
  "w_cost": 0.18255398316891336,
  "w_emissions": 0.23439060289111022,
  "w_reliability": 0.22687784750830614,
  "w_social": 0.3561775664316703
}