objective,rho,cr,score_delta,entropy_diff,critic_diff,merec_diff,lopcow_diff,mean_diff,bayes_diff,seed
0.0959767869,1.0000000000,0.0000000000,0.5684805476,0.0959767869,0.1055109199,0.0986752330,0.0716649362,0.1071428571,0.1401323644,393543393
