cost,emissions,reliability,social
0.1825539832,0.2343906029,0.2268778475,0.3561775664
