{
  "seed": 43953901,
  "objective": 0.10551091993459538,
  "rho": 1.0,
  "cr": 1.1102230246251565e-16,
  "score_delta": 0.9420741533138085,
  "entropy_diff": 0.10279077978437372,
  "critic_diff": 0.10551091993459538,
  "merec_diff": 0.1055158741052203,
  "lopcow_diff": 0.11259305889308169,
  "mean_diff": 0.1071428571428571,
  "bayes_diff": 0.14697300552479436,
  "w_cost": 0.16887270091430268,
  "w_emissions": 0.24904278110559022,
  "w_reliability": 0.4176138967799939,
  "w_social": 0.16447062120011313
}