objective,rho,cr,score_delta,entropy_diff,critic_diff,merec_diff,lopcow_diff,mean_diff,bayes_diff,seed
0.1055109199,1.0000000000,0.0000000000,0.9420741533,0.1027907798,0.1055109199,0.1055158741,0.1125930589,0.1071428571,0.1469730055,43953901
