cost,emissions,reliability,social
0.1688727009,0.2490427811,0.4176138968,0.1644706212
