{
  "seed": 817114285,
  "objective": 0.10548406644063033,
  "rho": 1.0,
  "cr": 1.1102230246251565e-16,
  "score_delta": 0.45805408219152965,
  "entropy_diff": 0.10215017347182315,
  "critic_diff": 0.10548406644063033,
  "merec_diff": 0.10960731591038861,
  "lopcow_diff": 0.08715341639436734,
  "mean_diff": 0.10714285714285708,
  "bayes_diff": 0.16209839856466493,
  "w_cost": 0.1702108214617807,
  "w_emissions": 0.1910940210949401,
  "w_reliability": 0.2931547019946173,
  "w_social": 0.34554045544866174
}