cost,emissions,reliability,social
0.1702108215,0.1910940211,0.2931547020,0.3455404554
