objective,rho,cr,score_delta,entropy_diff,critic_diff,merec_diff,lopcow_diff,mean_diff,bayes_diff,seed
0.1054840664,1.0000000000,0.0000000000,0.4580540822,0.1021501735,0.1054840664,0.1096073159,0.0871534164,0.1071428571,0.1620983986,817114285
