cost,emissions,reliability,social
0.2184587673,0.3022503970,0.2492225490,0.2300682867
