cost,emissions,reliability,social
0.0505293467,0.2732664950,0.2278615474,0.4483426110
