cost,emissions,reliability,social
0.2315384051,0.2936682236,0.1542453388,0.3205480325
