cost,emissions,reliability,social
0.3172951759,0.1718749997,0.3079847119,0.2028451124
