{
  "seed": 889143888,
  "objective": 0.0,
  "rho": 1.0,
  "cr": 0.0,
  "w_cost": 0.3172951759493816,
  "w_emissions": 0.17187499973278283,
  "w_reliability": 0.30798471189837384,
  "w_social": 0.20284511241946176
}