{
  "seed": 286446226,
  "objective": 0.09596351577720208,
  "rho": 1.0,
  "cr": 0.0,
  "score_delta": 0.3619087041456944,
  "entropy_diff": 0.09596351577720208,
  "critic_diff": 0.1054840664406304,
  "merec_diff": 0.09860399278753285,
  "lopcow_diff": 0.12351554779450975,
  "mean_diff": 0.10714285714285715,
  "bayes_diff": 0.14204498837076845,
  "w_cost": 0.1826011684708007,
  "w_emissions": 0.4356269954276632,
  "w_reliability": 0.1567467313883828,
  "w_social": 0.22502510471315335
}