cost,emissions,reliability,social
0.1826011685,0.4356269954,0.1567467314,0.2250251047
