cost,emissions,reliability,social
0.3867935073,0.0626248767,0.0110583338,0.5395232822
