{
  "seed": 926532143,
  "objective": 0.10551091993459541,
  "rho": 1.0,
  "cr": 0.0,
  "score_delta": 0.7414579261744881,
  "entropy_diff": 0.10296263490059353,
  "critic_diff": 0.10551091993459541,
  "merec_diff": 0.10568772922144012,
  "lopcow_diff": 0.09889800992595185,
  "mean_diff": 0.10714285714285712,
  "bayes_diff": 0.14714486064101423,
  "w_cost": 0.1685289906818631,
  "w_emissions": 0.3278130710316143,
  "w_reliability": 0.3117972191521498,
  "w_social": 0.19186071913437286
}