objective,rho,cr,score_delta,entropy_diff,critic_diff,merec_diff,lopcow_diff,mean_diff,bayes_diff,seed
0.1055109199,1.0000000000,0.0000000000,0.7414579262,0.1029626349,0.1055109199,0.1056877292,0.0988980099,0.1071428571,0.1471448606,926532143
