cost,emissions,reliability,social
0.1685289907,0.3278130710,0.3117972192,0.1918607191
