{
  "seed": 207540260,
  "objective": 0.02463370066315422,
  "rho": 1.0,
  "cr": 0.0,
  "score_delta": 3494401.118711037,
  "entropy_diff": 0.09597678692397076,
  "critic_diff": 0.10551091993459541,
  "merec_diff": 0.09138867088744837,
  "lopcow_diff": 0.16490497401694743,
  "mean_diff": 0.11340015531562822,
  "bayes_diff": 0.02463370066315422,
  "w_cost": 0.46288324729896013,
  "w_emissions": 0.19712706118624299,
  "w_reliability": 0.20964714500319623,
  "w_social": 0.1303425465116007
}