objective,rho,cr,score_delta,entropy_diff,critic_diff,merec_diff,lopcow_diff,mean_diff,bayes_diff,seed
0.0246337007,1.0000000000,0.0000000000,3494401.1187110371,0.0959767869,0.1055109199,0.0913886709,0.1649049740,0.1134001553,0.0246337007,207540260
