cost,emissions,reliability,social
0.4628832473,0.1971270612,0.2096471450,0.1303425465
