cost,emissions,reliability,social
0.1971337766,0.3901862849,0.2127254375,0.1999545011
