cost,emissions,reliability,social
0.1825240633,0.3103334178,0.2258274420,0.2813150769
