cost,emissions,reliability,social
0.1685559596,0.3912017430,0.3089207732,0.1313215241
