{
  "seed": 411810896,
  "objective": 0.10548406644063035,
  "rho": 1.0,
  "cr": 1.1102230246251565e-16,
  "score_delta": 0.4140434870685095,
  "entropy_diff": 0.10297760441021353,
  "critic_diff": 0.10548406644063035,
  "merec_diff": 0.10562659723043318,
  "lopcow_diff": 0.12757226501165714,
  "mean_diff": 0.11291066649661845,
  "bayes_diff": 0.1585400774206091,
  "w_cost": 0.168555959585,
  "w_emissions": 0.3912017430453036,
  "w_reliability": 0.30892077322007616,
  "w_social": 0.1313215241496202
}