objective,rho,cr,score_delta,entropy_diff,critic_diff,merec_diff,lopcow_diff,mean_diff,bayes_diff,seed
0.1054840664,1.0000000000,0.0000000000,0.4140434871,0.1029776044,0.1054840664,0.1056265972,0.1275722650,0.1129106665,0.1585400774,411810896
