cost,emissions,reliability,social
0.1685310494,0.2538760531,0.1781772678,0.3994156296
