objective,rho,cr,score_delta,entropy_diff,critic_diff,merec_diff,lopcow_diff,mean_diff,bayes_diff,seed
0.1054840664,1.0000000000,0.0000000000,0.5032403269,0.1029900595,0.1054840664,0.1056390523,0.0951837646,0.1071428571,0.1472087640,794912616
