objective,rho,cr,score_delta,entropy_diff,critic_diff,merec_diff,lopcow_diff,mean_diff,bayes_diff,seed
0.0959767869,1.0000000000,0.0000000000,0.5974801837,0.0959767869,0.1055109199,0.0985652777,0.0841597744,0.1071428571,0.1400224091,987334396
