cost,emissions,reliability,social
0.4097338388,0.1998581281,0.1712129313,0.2191951019
