cost,emissions,reliability,social
0.1827738937,0.3420426394,0.2538462767,0.2213371901
