objective,rho,cr,score_delta,entropy_diff,critic_diff,merec_diff,lopcow_diff,mean_diff,bayes_diff,seed
0.0959767869,1.0000000000,0.0000000000,7439433.5801545987,0.0959767869,0.1055109199,0.0900231374,0.1383302698,0.1071428571,0.0378586886,951367849
