objective,rho,cr,score_delta,entropy_diff,critic_diff,merec_diff,lopcow_diff,mean_diff,bayes_diff,seed
0.0636641805,1.0000000000,0.0000000000,0.8285048551,0.1235117546,0.1260476284,0.1262368489,0.0636641805,0.1148560530,0.1676939804,596822366
