cost,emissions,reliability,social
0.1274307512,0.2567080101,0.2801222785,0.3357389602
