cost,emissions,reliability,social
0.1904595363,0.4099096271,0.2021423296,0.1974885070
