cost,emissions,reliability,social
0.1825038346,0.2312767994,0.3297320561,0.2564873099
