objective,rho,cr,score_delta,entropy_diff,critic_diff,merec_diff,lopcow_diff,mean_diff,bayes_diff,seed
0.0959767869,1.0000000000,0.0000000000,0.5209938494,0.0959767869,0.1055109199,0.0947224564,0.1151094742,0.1071428571,0.1361795878,505464835
