Alternative,fuzzy_topsis_score,fuzzy_topsis_rank,vikor_score,vikor_rank,copras_score,copras_rank,moora_score,moora_rank
C2,0.9666021080,1.0000000000,0.0000000000,1.0000000000,1.0839633279,1.0000000000,0.0591343926,1.0000000000
C3,0.3830681592,2.0000000000,0.5284484628,2.0000000000,0.2664345319,2.0000000000,-0.2500420686,2.0000000000
C1,0.0259826478,3.0000000000,1.0000000000,3.0000000000,0.2055712460,3.0000000000,-0.4442466299,3.0000000000
