cost,emissions,reliability,social
0.7166091801,0.1181208554,0.1577787502,0.0074912144
