cost,emissions,reliability,social
0.1685436703,0.2219549957,0.4716307516,0.1378705824
