{
  "seed": 559930744,
  "objective": 0.10551091993459535,
  "rho": 1.0,
  "cr": 2.220446049250313e-16,
  "score_delta": 1.0274416861833464,
  "entropy_diff": 0.10295529509068871,
  "critic_diff": 0.10551091993459535,
  "merec_diff": 0.10568038941153528,
  "lopcow_diff": 0.133454038336002,
  "mean_diff": 0.109636137369016,
  "bayes_diff": 0.15559323631095043,
  "w_cost": 0.16854367030167267,
  "w_emissions": 0.22195499565964494,
  "w_reliability": 0.4716307516338572,
  "w_social": 0.13787058240482503
}