objective,rho,cr,score_delta,entropy_diff,critic_diff,merec_diff,lopcow_diff,mean_diff,bayes_diff,seed
0.1055109199,1.0000000000,0.0000000000,1.0274416862,0.1029552951,0.1055109199,0.1056803894,0.1334540383,0.1096361374,0.1555932363,559930744
