{
  "seed": 739042961,
  "objective": 0.0174704825512711,
  "rho": 0.875,
  "cr": 0.0,
  "score_delta": 16309133.994653014,
  "entropy_diff": 0.09596351577720205,
  "critic_diff": 0.10548406644063037,
  "merec_diff": 0.09609850537069554,
  "lopcow_diff": 0.165934184461657,
  "mean_diff": 0.10714285714285711,
  "bayes_diff": 0.0174704825512711,
  "w_cost": 0.4638725028345694,
  "w_emissions": 0.18761209715220373,
  "w_reliability": 0.185877244172632,
  "w_social": 0.1626381558405949
}