objective,rho,cr,score_delta,entropy_diff,critic_diff,merec_diff,lopcow_diff,mean_diff,bayes_diff,seed
0.0174704826,0.8750000000,0.0000000000,16309133.9946530145,0.0959635158,0.1054840664,0.0960985054,0.1659341845,0.1071428571,0.0174704826,739042961
