cost,emissions,reliability,social
0.4638725028,0.1876120972,0.1858772442,0.1626381558
