cost,emissions,reliability,social
0.1825063058,0.3516982509,0.2783423331,0.1874531102
