objective,rho,cr,score_delta,entropy_diff,critic_diff,merec_diff,lopcow_diff,mean_diff,bayes_diff,seed
0.0959767869,1.0000000000,0.0000000000,0.6418531498,0.0959767869,0.1055109199,0.0986990716,0.1011018144,0.1071428571,0.1401562031,156061618
