{
  "seed": 156061618,
  "objective": 0.09597678692397073,
  "rho": 1.0,
  "cr": 2.220446049250313e-16,
  "score_delta": 0.6418531497529202,
  "entropy_diff": 0.09597678692397073,
  "critic_diff": 0.10551091993459535,
  "merec_diff": 0.09869907164462206,
  "lopcow_diff": 0.1011018143962802,
  "mean_diff": 0.1071428571428571,
  "bayes_diff": 0.14015620306419616,
  "w_cost": 0.18250630583549915,
  "w_emissions": 0.35169825091055273,
  "w_reliability": 0.27834233306023193,
  "w_social": 0.18745311019371608
}