Alternative,fuzzy_topsis_score,fuzzy_topsis_rank,vikor_score,vikor_rank,copras_score,copras_rank,moora_score,moora_rank
C2,0.8550496904533534,1.0,0.22660233167573346,2.0,1.0666674176799145,1.0,-0.10269219282571565,1.0
C3,0.45335281924003096,2.0,0.14439288557006363,1.0,0.5262606526585931,2.0,-0.2973664182339828,2.0
C1,0.11276738196551482,3.0,1.0,3.0,0.3952437531281809,3.0,-0.45526063886838775,3.0
