Alternative,fuzzy_topsis_score,fuzzy_topsis_rank,vikor_score,vikor_rank,copras_score,copras_rank,moora_score,moora_rank
C2,0.8890169945983177,1.0,0.0,1.0,1.1666685442052278,1.0,0.16747641578508665,1.0
C3,0.4319514006812432,2.0,0.4261512968200286,2.0,0.5701160578447826,2.0,0.02944140563723474,2.0
C1,0.08634174705080407,3.0,1.0,3.0,0.45091452044980174,3.0,-0.07523584427938401,3.0
