Alternative,fuzzy_topsis_score,fuzzy_topsis_rank,vikor_score,vikor_rank,copras_score,copras_rank,moora_score,moora_rank
C2,0.9527820571556564,1.0,0.0,1.0,1.074074908525084,1.0,0.027299862810107878,1.0
C3,0.38765086102886676,2.0,0.5121744651615843,2.0,0.28004154663036357,2.0,-0.2833585648884725,2.0
C1,0.03673426992331062,3.0,1.0,3.0,0.21286007627153936,3.0,-0.47848824780861576,3.0
