cost,emissions,reliability,social
0.2197069287,0.3806759304,0.1992286983,0.2003884426
