cost,emissions,reliability,social
0.1825046639,0.2504958445,0.3529011576,0.2140983340
