Alternative,fuzzy_topsis_score,fuzzy_topsis_rank,vikor_score,vikor_rank,copras_score,copras_rank,moora_score,moora_rank
C2,0.9593936134,1.0000000000,0.0000000000,1.0000000000,1.0830532195,1.0000000000,0.0439454629,1.0000000000
C3,0.3876099397,2.0000000000,0.4868144755,2.0000000000,0.2950042104,2.0000000000,-0.2519988721,2.0000000000
C1,0.0315906598,3.0000000000,1.0000000000,3.0000000000,0.2253343972,3.0000000000,-0.4416537738,3.0000000000
