objective,rho,cr,score_delta,entropy_diff,critic_diff,merec_diff,lopcow_diff,mean_diff,bayes_diff,seed
0.1054840664,1.0000000000,0.0000000000,0.4954194290,0.1029807065,0.1054840664,0.1056296993,0.0874696240,0.1071428571,0.1511530800,826291924
