{
  "seed": 826291924,
  "objective": 0.10548406644063034,
  "rho": 1.0,
  "cr": 1.1102230246251565e-16,
  "score_delta": 0.49541942899960645,
  "entropy_diff": 0.10298070648573854,
  "critic_diff": 0.10548406644063034,
  "merec_diff": 0.1056296993059582,
  "lopcow_diff": 0.08746962401778058,
  "mean_diff": 0.10714285714285708,
  "bayes_diff": 0.15115307999130317,
  "w_cost": 0.16854975543394993,
  "w_emissions": 0.2146457242694944,
  "w_reliability": 0.21815275909624032,
  "w_social": 0.3986517612003152
}