cost,emissions,reliability,social
0.1685497554,0.2146457243,0.2181527591,0.3986517612
