objective,rho,cr,score_delta,entropy_diff,critic_diff,merec_diff,lopcow_diff,mean_diff,bayes_diff,seed
0.1054840664,1.0000000000,0.0000000000,0.3855712607,0.1029593039,0.1054840664,0.1056082967,0.1335495094,0.1084990484,0.1573502778,151539943
