cost,emissions,reliability,social
0.1685925607,0.4697035264,0.1401447604,0.2215591526
