{
  "seed": 151539943,
  "objective": 0.10548406644063035,
  "rho": 1.0,
  "cr": 1.1102230246251565e-16,
  "score_delta": 0.3855712606914331,
  "entropy_diff": 0.10295930387731818,
  "critic_diff": 0.10548406644063035,
  "merec_diff": 0.10560829669753784,
  "lopcow_diff": 0.13354950935602306,
  "mean_diff": 0.1084990483593465,
  "bayes_diff": 0.15735027776288274,
  "w_cost": 0.1685925606507907,
  "w_emissions": 0.46970352637069973,
  "w_reliability": 0.14014476042416413,
  "w_social": 0.22155915255434536
}