cost,emissions,reliability,social
0.1686493861,0.4635517379,0.2348519149,0.1329469611
