{
  "seed": 331107024,
  "objective": 0.10548406644063034,
  "rho": 1.0,
  "cr": 2.220446049250313e-16,
  "score_delta": 0.41304719646654087,
  "entropy_diff": 0.10293089114379317,
  "critic_diff": 0.10548406644063034,
  "merec_diff": 0.10557988396401283,
  "lopcow_diff": 0.13050202786412224,
  "mean_diff": 0.11209794803016823,
  "bayes_diff": 0.15768064568773854,
  "w_cost": 0.1686493861178407,
  "w_emissions": 0.46355173791984816,
  "w_reliability": 0.23485191487979043,
  "w_social": 0.13294696108252063
}