objective,rho,cr,score_delta,entropy_diff,critic_diff,merec_diff,lopcow_diff,mean_diff,bayes_diff,seed
0.1054840664,1.0000000000,0.0000000000,0.4130471965,0.1029308911,0.1054840664,0.1055798840,0.1305020279,0.1120979480,0.1576806457,331107024
