objective,rho,cr,score_delta,entropy_diff,critic_diff,merec_diff,lopcow_diff,mean_diff,bayes_diff,seed
0.0227439103,1.0000000000,0.0000000000,4718580.8826354761,0.1044262665,0.1113182801,0.0950479212,0.1648807191,0.1241921504,0.0227439103,186658518
