cost,emissions,reliability,social
0.4628347374,0.2240996328,0.2043070734,0.1087585564
