objective,rho,cr,score_delta,entropy_diff,critic_diff,merec_diff,lopcow_diff,mean_diff,bayes_diff,seed
0.0211368775,0.8750000000,0.0000000000,21645844.1369095258,0.0959767869,0.1055109199,0.0895724004,0.1787164420,0.1149858963,0.0211368775,983281808
