cost,emissions,reliability,social
0.4636416783,0.2639414208,0.1452458364,0.1271710645
