{
  "seed": 983281808,
  "objective": 0.021136877515212295,
  "rho": 0.875,
  "cr": 1.1102230246251565e-16,
  "score_delta": 21645844.136909526,
  "entropy_diff": 0.09597678692397074,
  "critic_diff": 0.10551091993459538,
  "merec_diff": 0.08957240043152054,
  "lopcow_diff": 0.17871644203291084,
  "mean_diff": 0.1149858963254069,
  "bayes_diff": 0.021136877515212295,
  "w_cost": 0.46364167826941477,
  "w_emissions": 0.26394142081166966,
  "w_reliability": 0.1452458364268722,
  "w_social": 0.1271710644920433
}