objective,rho,cr,score_delta,entropy_diff,critic_diff,merec_diff,lopcow_diff,mean_diff,bayes_diff,seed
0.0895724004,0.8750000000,0.0000000000,17141307.9278265461,0.0959767869,0.1055109199,0.0895724004,0.1430046409,0.1114113658,0.0406402094,255396303
