cost,emissions,reliability,social
0.4076624466,0.2484970503,0.1343201256,0.2095203775
