cost,emissions,reliability,social
0.4629876069,0.2134970410,0.2154813221,0.1080340300
