{
  "seed": 669813994,
  "objective": 0.027515526198647364,
  "rho": 1.0,
  "cr": 0.0,
  "score_delta": 0.1698965772411043,
  "entropy_diff": 0.10468967268484783,
  "critic_diff": 0.11171726317264655,
  "merec_diff": 0.09562781327328108,
  "lopcow_diff": 0.16549173649075893,
  "mean_diff": 0.12455441354859341,
  "bayes_diff": 0.027515526198647364,
  "w_cost": 0.46298760689277324,
  "w_emissions": 0.21349704095631455,
  "w_reliability": 0.21548132210524187,
  "w_social": 0.10803403004567035
}