objective,rho,cr,score_delta,entropy_diff,critic_diff,merec_diff,lopcow_diff,mean_diff,bayes_diff,seed
0.0275155262,1.0000000000,0.0000000000,0.1698965772,0.1046896727,0.1117172632,0.0956278133,0.1654917365,0.1245544135,0.0275155262,669813994
