{
  "seed": 321215732,
  "objective": 0.09596351577720202,
  "rho": 1.0,
  "cr": 2.220446049250313e-16,
  "score_delta": 0.4123047113519891,
  "entropy_diff": 0.09596351577720202,
  "critic_diff": 0.10548406644063035,
  "merec_diff": 0.09861114150048603,
  "lopcow_diff": 0.06823410966752076,
  "mean_diff": 0.1071428571428571,
  "bayes_diff": 0.14018085319320522,
  "w_cost": 0.1825868710448943,
  "w_emissions": 0.2289326345486333,
  "w_reliability": 0.30744944935322466,
  "w_social": 0.28103104505324766
}