cost,emissions,reliability,social
0.1825868710,0.2289326345,0.3074494494,0.2810310451
