{
  "seed": 275840867,
  "objective": 0.09597678692397074,
  "rho": 1.0,
  "cr": 0.0,
  "score_delta": 0.5494176409695144,
  "entropy_diff": 0.09597678692397074,
  "critic_diff": 0.10551091993459538,
  "merec_diff": 0.09857405807308406,
  "lopcow_diff": 0.07267393811200898,
  "mean_diff": 0.10714285714285711,
  "bayes_diff": 0.14003118949265816,
  "w_cost": 0.18275633297857516,
  "w_emissions": 0.26557162708658866,
  "w_reliability": 0.22217353078476557,
  "w_social": 0.32949850915007056
}