cost,emissions,reliability,social
0.1827563330,0.2655716271,0.2221735308,0.3294985092
