{
  "seed": 785955881,
  "objective": 0.09596351577720202,
  "rho": 1.0,
  "cr": 1.1102230246251565e-16,
  "score_delta": 0.37544454943699396,
  "entropy_diff": 0.09596351577720202,
  "critic_diff": 0.10548406644063034,
  "merec_diff": 0.0985769419803852,
  "lopcow_diff": 0.09515346285949638,
  "mean_diff": 0.1071428571428571,
  "bayes_diff": 0.14014665367310442,
  "w_cost": 0.18265527008509594,
  "w_emissions": 0.3488387366902186,
  "w_reliability": 0.27234686477074366,
  "w_social": 0.1961591284539417
}