cost,emissions,reliability,social
0.1826552701,0.3488387367,0.2723468648,0.1961591285
