cost,emissions,reliability,social
0.1685213523,0.2521972445,0.2981342423,0.2811471609
