objective,rho,cr,score_delta,entropy_diff,critic_diff,merec_diff,lopcow_diff,mean_diff,bayes_diff,seed
0.1054887338,1.0000000000,0.0000000000,0.4335124887,0.1029949081,0.1054887338,0.1056439009,0.0631039597,0.1071428571,0.1472136126,802025880
