cost,emissions,reliability,social
0.4637229812,0.2404708476,0.1000102612,0.1957959100
