{
  "seed": 232569940,
  "objective": 0.030239518998626373,
  "rho": 0.875,
  "cr": 0.0,
  "score_delta": 23728809.21673101,
  "entropy_diff": 0.10870155712160157,
  "critic_diff": 0.11572914760940028,
  "merec_diff": 0.09963969771003484,
  "lopcow_diff": 0.16649838025866334,
  "mean_diff": 0.12856629798534713,
  "bayes_diff": 0.030239518998626373,
  "w_cost": 0.4637229812121086,
  "w_emissions": 0.24047084761466245,
  "w_reliability": 0.10001026117216284,
  "w_social": 0.19579591000106614
}