objective,rho,cr,score_delta,entropy_diff,critic_diff,merec_diff,lopcow_diff,mean_diff,bayes_diff,seed
0.0302395190,0.8750000000,0.0000000000,23728809.2167310081,0.1087015571,0.1157291476,0.0996396977,0.1664983803,0.1285662980,0.0302395190,232569940
