cost,emissions,reliability,social
0.4688581487,0.1677832085,0.2055503431,0.1578082997
