{
  "seed": 967484930,
  "objective": 0.02735371178888983,
  "rho": 1.0,
  "cr": 1.1102230246251565e-16,
  "score_delta": 5050903.550973006,
  "entropy_diff": 0.10333801258362121,
  "critic_diff": 0.10587215814339278,
  "merec_diff": 0.10606059722607547,
  "lopcow_diff": 0.16789242473004212,
  "mean_diff": 0.10714285714285711,
  "bayes_diff": 0.02735371178888983,
  "w_cost": 0.46885814872514947,
  "w_emissions": 0.16778320850898873,
  "w_reliability": 0.2055503430767811,
  "w_social": 0.15780829968908064
}