objective,rho,cr,score_delta,entropy_diff,critic_diff,merec_diff,lopcow_diff,mean_diff,bayes_diff,seed
0.0273537118,1.0000000000,0.0000000000,5050903.5509730056,0.1033380126,0.1058721581,0.1060605972,0.1678924247,0.1071428571,0.0273537118,967484930
