cost,emissions,reliability,social
0.2314265680,0.0246331820,0.5196690984,0.2242711515
