cost,emissions,reliability,social
0.1829909630,0.4005137790,0.0539036061,0.3625916520
