{
  "seed": 241528207,
  "objective": 0.0,
  "rho": 1.0,
  "cr": 0.0,
  "w_cost": 0.18299096296423964,
  "w_emissions": 0.4005137789672833,
  "w_reliability": 0.053903606099371004,
  "w_social": 0.3625916519691062
}