cost,emissions,reliability,social
0.2492127020,0.1085457690,0.1216457737,0.5205957552
