{
  "seed": 434484918,
  "objective": 0.0,
  "rho": 1.0,
  "cr": 0.0,
  "w_cost": 0.24921270204694876,
  "w_emissions": 0.10854576898768697,
  "w_reliability": 0.12164577373198851,
  "w_social": 0.5205957552333758
}