objective,rho,cr,score_delta,entropy_diff,critic_diff,merec_diff,lopcow_diff,mean_diff,bayes_diff,seed
0.0152617393,0.8750000000,0.0000000000,12754981.1872151494,0.0960606654,0.1054840664,0.0895493938,0.1655066115,0.1159254063,0.0152617393,118894287
