{
  "seed": 118894287,
  "objective": 0.015261739274246185,
  "rho": 0.875,
  "cr": 0.0,
  "score_delta": 12754981.18721515,
  "entropy_diff": 0.09606066541830732,
  "critic_diff": 0.10548406644063038,
  "merec_diff": 0.08954939378098156,
  "lopcow_diff": 0.1655066114540413,
  "mean_diff": 0.11592540628205289,
  "bayes_diff": 0.015261739274246185,
  "w_cost": 0.463017356819338,
  "w_emissions": 0.22074660027203594,
  "w_reliability": 0.19094399832987477,
  "w_social": 0.12529204457875132
}