cost,emissions,reliability,social
0.4630173568,0.2207466003,0.1909439983,0.1252920446
