cost,emissions,reliability,social
0.1825847055,0.2657911697,0.3373574781,0.2142666467
