cost,emissions,reliability,social
0.0321866400,0.0130605541,0.1708828905,0.7838699154
