cost,emissions,reliability,social
0.4629419498,0.2260170497,0.1706398286,0.1404011719
