objective,rho,cr,score_delta,entropy_diff,critic_diff,merec_diff,lopcow_diff,mean_diff,bayes_diff,seed
0.0068072584,0.8750000000,0.0000000000,27237683.9478766695,0.0959635158,0.1054840664,0.0895493938,0.1654689079,0.1083708426,0.0068072584,182549636
