cost,emissions,reliability,social
0.1825887483,0.2269595843,0.2691320594,0.3213196080
