{
  "seed": 225592868,
  "objective": 0.09596351577720202,
  "rho": 1.0,
  "cr": 0.0,
  "score_delta": 0.4261127514700408,
  "entropy_diff": 0.09596351577720202,
  "critic_diff": 0.10548406644063035,
  "merec_diff": 0.09861020288126165,
  "lopcow_diff": 0.06922063478252913,
  "mean_diff": 0.1071428571428571,
  "bayes_diff": 0.14017991457398085,
  "w_cost": 0.182588748283343,
  "w_emissions": 0.22695958431861654,
  "w_reliability": 0.2691320593994812,
  "w_social": 0.32131960799855913
}