objective,rho,cr,score_delta,entropy_diff,critic_diff,merec_diff,lopcow_diff,mean_diff,bayes_diff,seed
0.0145750272,0.8750000000,0.0000000000,27321115.2324503511,0.0959635158,0.1054840664,0.0895493938,0.1653353064,0.1117147572,0.0145750272,690799961
