{
  "seed": 690799961,
  "objective": 0.014575027243325676,
  "rho": 0.875,
  "cr": 0.0,
  "score_delta": 27321115.23245035,
  "entropy_diff": 0.09596351577720207,
  "critic_diff": 0.10548406644063038,
  "merec_diff": 0.08954939378098158,
  "lopcow_diff": 0.165335306383778,
  "mean_diff": 0.11171475718349481,
  "bayes_diff": 0.014575027243325676,
  "w_cost": 0.4626747466788114,
  "w_emissions": 0.22045279491413602,
  "w_reliability": 0.13371334277586755,
  "w_social": 0.18315911563118506
}