cost,emissions,reliability,social
0.4626747467,0.2204527949,0.1337133428,0.1831591156
