cost,emissions,reliability,social
0.1826350174,0.2613208810,0.2303942366,0.3256498650
