{
  "seed": 893446639,
  "objective": 0.09596351577720202,
  "rho": 1.0,
  "cr": 0.0,
  "score_delta": 0.4186507203061332,
  "entropy_diff": 0.09596351577720202,
  "critic_diff": 0.10548406644063035,
  "merec_diff": 0.09858706830354044,
  "lopcow_diff": 0.06907528021688855,
  "mean_diff": 0.1071428571428571,
  "bayes_diff": 0.14015677999625964,
  "w_cost": 0.18263501743878546,
  "w_emissions": 0.26132088100523393,
  "w_reliability": 0.23039423656932986,
  "w_social": 0.32564986498665066
}