cost,emissions,reliability,social
0.1685109530,0.3089031756,0.3763947882,0.1461910832
