objective,rho,cr,score_delta,entropy_diff,critic_diff,merec_diff,lopcow_diff,mean_diff,bayes_diff,seed
0.1055109199,1.0000000000,0.0000000000,0.8525601705,0.1029716537,0.1055109199,0.1056967481,0.1217328279,0.1071428571,0.1511815264,740416035
