cost,emissions,reliability,social
0.1825873277,0.3498768543,0.2755312804,0.1920045376
