cost,emissions,reliability,social
0.1685669993,0.3136123291,0.1213144827,0.3965061889
