{
  "seed": 786886457,
  "objective": 0.10548406644063035,
  "rho": 1.0,
  "cr": 0.0,
  "score_delta": 0.5083810352013088,
  "entropy_diff": 0.10505801514657927,
  "critic_diff": 0.10548406644063035,
  "merec_diff": 0.1056210773898805,
  "lopcow_diff": 0.12361515714799097,
  "mean_diff": 0.11791418721786602,
  "bayes_diff": 0.166778197313745,
  "w_cost": 0.16856699926610536,
  "w_emissions": 0.3136123291159672,
  "w_reliability": 0.12131448270712504,
  "w_social": 0.39650618891080236
}