objective,rho,cr,score_delta,entropy_diff,critic_diff,merec_diff,lopcow_diff,mean_diff,bayes_diff,seed
0.1054840664,1.0000000000,0.0000000000,0.5083810352,0.1050580151,0.1054840664,0.1056210774,0.1236151571,0.1179141872,0.1667781973,786886457
