cost,emissions,reliability,social
0.3187129328,0.2367432125,0.2310941100,0.2134497447
