cost,emissions,reliability,social
0.1838392614,0.4392030913,0.2247218255,0.1522358217
