objective,rho,cr,score_delta,entropy_diff,critic_diff,merec_diff,lopcow_diff,mean_diff,bayes_diff,seed
0.0959767869,1.0000000000,0.0000000000,0.5566167515,0.0959767869,0.1055109199,0.0980325939,0.1264460689,0.1071428571,0.1404950029,423814265
