Alternative,fuzzy_topsis_score,fuzzy_topsis_rank,vikor_score,vikor_rank,copras_score,copras_rank,moora_score,moora_rank
C2,0.9696441507,1.0000000000,0.0000000000,1.0000000000,1.0883596181,1.0000000000,0.0741947198,1.0000000000
C3,0.3811514913,2.0000000000,0.5306565938,2.0000000000,0.2575467552,2.0000000000,-0.2359292197,2.0000000000
C1,0.0236160217,3.0000000000,1.0000000000,3.0000000000,0.2007489278,3.0000000000,-0.4290529419,3.0000000000
