cost,emissions,reliability,social
0.1864326727,0.1973387874,0.3121266590,0.3041018809
