{
  "seed": 105278079,
  "objective": 0.09596351577720205,
  "rho": 1.0,
  "cr": 0.0,
  "score_delta": 0.42101890870253345,
  "entropy_diff": 0.09596351577720205,
  "critic_diff": 0.10548406644063038,
  "merec_diff": 0.09837400714807346,
  "lopcow_diff": 0.08403103326385387,
  "mean_diff": 0.10714285714285712,
  "bayes_diff": 0.15086508980234978,
  "w_cost": 0.18643267272538405,
  "w_emissions": 0.1973387873559671,
  "w_reliability": 0.312126658994108,
  "w_social": 0.3041018809245408
}