objective,rho,cr,score_delta,entropy_diff,critic_diff,merec_diff,lopcow_diff,mean_diff,bayes_diff,seed
0.1055109199,1.0000000000,0.0000000000,0.6252329072,0.1027692871,0.1055109199,0.1054943814,0.0750092565,0.1071428571,0.1475434122,789597307
