cost,emissions,reliability,social
0.1689156863,0.2213068334,0.2332729764,0.3765045039
