{
  "seed": 672790067,
  "objective": 0.0,
  "rho": 1.0,
  "cr": 0.0,
  "w_cost": 0.0,
  "w_emissions": 0.14589481800909884,
  "w_reliability": 0.2732422996328083,
  "w_social": 0.5808628823580928
}