cost,emissions,reliability,social
0.0000000000,0.1458948180,0.2732422996,0.5808628824
