cost,emissions,reliability,social
0.1687044852,0.2368787367,0.1646153180,0.4298014601
