objective,rho,cr,score_delta,entropy_diff,critic_diff,merec_diff,lopcow_diff,mean_diff,bayes_diff,seed
0.0959767869,1.0000000000,0.0000000000,0.4817228620,0.0959767869,0.1055109199,0.0986911431,0.1031940497,0.1071428571,0.1401482745,241342652
