cost,emissions,reliability,social
0.1825221629,0.3625154402,0.1611333077,0.2938290892
