{
  "seed": 241342652,
  "objective": 0.09597678692397071,
  "rho": 1.0,
  "cr": 2.220446049250313e-16,
  "score_delta": 0.4817228619927014,
  "entropy_diff": 0.09597678692397071,
  "critic_diff": 0.10551091993459535,
  "merec_diff": 0.09869114310074749,
  "lopcow_diff": 0.10319404965990457,
  "mean_diff": 0.1071428571428571,
  "bayes_diff": 0.14014827452032158,
  "w_cost": 0.18252216292324827,
  "w_emissions": 0.36251544021912124,
  "w_reliability": 0.16113330768897438,
  "w_social": 0.29382908916865597
}