cost,emissions,reliability,social
0.1825800737,0.2256592568,0.3573297391,0.2344309305
