objective,rho,cr,score_delta,entropy_diff,critic_diff,merec_diff,lopcow_diff,mean_diff,bayes_diff,seed
0.0959767869,1.0000000000,0.0000000000,0.8288548317,0.0959767869,0.1055109199,0.0986621877,0.0833217338,0.1071428571,0.1401193192,682541066
