{
  "seed": 682541066,
  "objective": 0.09597678692397071,
  "rho": 1.0,
  "cr": 1.1102230246251565e-16,
  "score_delta": 0.8288548317392518,
  "entropy_diff": 0.09597678692397071,
  "critic_diff": 0.10551091993459537,
  "merec_diff": 0.09866218773402821,
  "lopcow_diff": 0.08332173375870472,
  "mean_diff": 0.1071428571428571,
  "bayes_diff": 0.14011931915360232,
  "w_cost": 0.18258007365668685,
  "w_emissions": 0.22565925675726695,
  "w_reliability": 0.3573297391242485,
  "w_social": 0.2344309304617976
}