objective,rho,cr,score_delta,entropy_diff,critic_diff,merec_diff,lopcow_diff,mean_diff,bayes_diff,seed
0.1055109199,1.0000000000,0.0000000000,0.4867766570,0.1027785319,0.1055109199,0.1055036262,0.1194328047,0.1142435298,0.1628549984,487139898
