{
  "seed": 487139898,
  "objective": 0.10551091993459538,
  "rho": 1.0,
  "cr": 1.1102230246251565e-16,
  "score_delta": 0.48677665695827277,
  "entropy_diff": 0.10277853188084636,
  "critic_diff": 0.10551091993459538,
  "merec_diff": 0.10550362620169296,
  "lopcow_diff": 0.1194328047325317,
  "mean_diff": 0.11424352979956848,
  "bayes_diff": 0.16285499835538514,
  "w_cost": 0.1688971967213574,
  "w_emissions": 0.38072525278514563,
  "w_reliability": 0.12865579754372014,
  "w_social": 0.3217217529497768
}