cost,emissions,reliability,social
0.1688971967,0.3807252528,0.1286557975,0.3217217529
