{
  "seed": 174278532,
  "objective": 0.09596351577720202,
  "rho": 1.0,
  "cr": 0.0,
  "score_delta": 0.3971594839869049,
  "entropy_diff": 0.09596351577720202,
  "critic_diff": 0.10548406644063034,
  "merec_diff": 0.0985954041018256,
  "lopcow_diff": 0.10441222114633154,
  "mean_diff": 0.1071428571428571,
  "bayes_diff": 0.14054958802403067,
  "w_cost": 0.18261834584221512,
  "w_emissions": 0.3672370577652173,
  "w_reliability": 0.15972035471044385,
  "w_social": 0.2904242416821236
}