cost,emissions,reliability,social
0.1826183458,0.3672370578,0.1597203547,0.2904242417
