cost,emissions,reliability,social
0.4642555801,0.2028556852,0.1688119048,0.1640768299
