cost,emissions,reliability,social
0.4381378515,0.2236853009,0.2050319097,0.1331449380
