objective,rho,cr,score_delta,entropy_diff,critic_diff,merec_diff,lopcow_diff,mean_diff,bayes_diff,seed
0.0895724004,1.0000000000,0.0000000000,1982266.0890100903,0.0959767869,0.1055109199,0.0895724004,0.1525322761,0.1119989596,0.0228911497,681654051
