{
  "seed": 990321664,
  "objective": 0.03892735380553079,
  "rho": 0.875,
  "cr": 0.0,
  "score_delta": 24255058.06939469,
  "entropy_diff": 0.11738939192850599,
  "critic_diff": 0.12441698241630474,
  "merec_diff": 0.10832753251693926,
  "lopcow_diff": 0.17448652675385784,
  "mean_diff": 0.13725413279225157,
  "bayes_diff": 0.03892735380553079,
  "w_cost": 0.4708232271436933,
  "w_emissions": 0.2493468946734668,
  "w_reliability": 0.082634591558354,
  "w_social": 0.1971952866244859
}