objective,rho,cr,score_delta,entropy_diff,critic_diff,merec_diff,lopcow_diff,mean_diff,bayes_diff,seed
0.0389273538,0.8750000000,0.0000000000,24255058.0693946891,0.1173893919,0.1244169824,0.1083275325,0.1744865268,0.1372541328,0.0389273538,990321664
