cost,emissions,reliability,social
0.4708232271,0.2493468947,0.0826345916,0.1971952866
