objective,rho,cr,score_delta,entropy_diff,critic_diff,merec_diff,lopcow_diff,mean_diff,bayes_diff,seed
0.1055109199,1.0000000000,0.0000000000,0.6828438468,0.1084827071,0.1055109199,0.1203347726,0.0965468722,0.1071428571,0.1726574190,836988771
