cost,emissions,reliability,social
0.1686829738,0.1713115323,0.2505883173,0.4094171765
