cost,emissions,reliability,social
0.1997558746,0.3890711918,0.2008676538,0.2103052798
