cost,emissions,reliability,social
0.1825009489,0.4808099648,0.1531298658,0.1835592205
