Alternative,fuzzy_topsis_score,fuzzy_topsis_rank,vikor_score,vikor_rank,copras_score,copras_rank,moora_score,moora_rank
C2,0.9634389105,1.0000000000,0.0000000000,1.0000000000,1.0847880037,1.0000000000,0.0548818199,1.0000000000
C3,0.3850611618,2.0000000000,0.5064575534,2.0000000000,0.2805277956,2.0000000000,-0.2468290283,2.0000000000
C1,0.0284435291,3.0000000000,1.0000000000,3.0000000000,0.2156637268,3.0000000000,-0.4380320616,3.0000000000
