objective,rho,cr,score_delta,entropy_diff,critic_diff,merec_diff,lopcow_diff,mean_diff,bayes_diff,seed
0.0041694007,0.8750000000,0.0000000000,18373119.0264538117,0.0959767869,0.1055109199,0.0895724004,0.1643332186,0.1071428571,0.0041694007,172471635
