{
  "seed": 172471635,
  "objective": 0.004169400738435074,
  "rho": 0.875,
  "cr": 1.1102230246251565e-16,
  "score_delta": 18373119.02645381,
  "entropy_diff": 0.09597678692397074,
  "critic_diff": 0.10551091993459538,
  "merec_diff": 0.08957240043152055,
  "lopcow_diff": 0.1643332185550656,
  "mean_diff": 0.10714285714285711,
  "bayes_diff": 0.004169400738435074,
  "w_cost": 0.46173973637519644,
  "w_emissions": 0.23082943356363853,
  "w_reliability": 0.15586815417371683,
  "w_social": 0.15156267588744812
}