cost,emissions,reliability,social
0.4617397364,0.2308294336,0.1558681542,0.1515626759
