cost,emissions,reliability,social
0.1828475721,0.1939486129,0.4685719840,0.1546318310
