objective,rho,cr,score_delta,entropy_diff,critic_diff,merec_diff,lopcow_diff,mean_diff,bayes_diff,seed
0.0959635197,1.0000000000,0.0000000000,0.3643610859,0.0959635197,0.1054840664,0.0986125125,0.1239187663,0.1071428571,0.1401822242,385089495
