cost,emissions,reliability,social
0.1839292094,0.2618337511,0.4122143747,0.1420226648
