objective,rho,cr,score_delta,entropy_diff,critic_diff,merec_diff,lopcow_diff,mean_diff,bayes_diff,seed
0.0959635158,1.0000000000,0.0000000000,0.3833004184,0.0959635158,0.1054840664,0.0979399723,0.1222216947,0.1075600962,0.1455028822,960284448
