objective,rho,cr,score_delta,entropy_diff,critic_diff,merec_diff,lopcow_diff,mean_diff,bayes_diff,seed
0.0197444467,0.8750000000,0.0000000000,34202449.8660683706,0.0982064849,0.1054840664,0.0895493938,0.1707183860,0.1180712257,0.0197444467,499306985
