{
  "seed": 499306985,
  "objective": 0.019744446742141247,
  "rho": 0.875,
  "cr": 0.0,
  "score_delta": 34202449.86606837,
  "entropy_diff": 0.09820648486511646,
  "critic_diff": 0.10548406644063041,
  "merec_diff": 0.08954939378098156,
  "lopcow_diff": 0.17071838598171557,
  "mean_diff": 0.118071225728862,
  "bayes_diff": 0.019744446742141247,
  "w_cost": 0.46299445748297674,
  "w_emissions": 0.24963938278989883,
  "w_reliability": 0.12100040568513314,
  "w_social": 0.1663657540419914
}