cost,emissions,reliability,social
0.4629944575,0.2496393828,0.1210004057,0.1663657540
