objective,rho,cr,score_delta,entropy_diff,critic_diff,merec_diff,lopcow_diff,mean_diff,bayes_diff,seed
0.1054840664,1.0000000000,0.0000000000,0.4095142321,0.1026737774,0.1054840664,0.1053227702,0.1214562191,0.1071428571,0.1520178949,232569940
