{
  "seed": 232569940,
  "objective": 0.10548406644063034,
  "rho": 1.0,
  "cr": 0.0,
  "score_delta": 0.40951423210368865,
  "entropy_diff": 0.10267377741257241,
  "critic_diff": 0.10548406644063034,
  "merec_diff": 0.10532277023279206,
  "lopcow_diff": 0.12145621908394291,
  "mean_diff": 0.10714285714285711,
  "bayes_diff": 0.1520178949439195,
  "w_cost": 0.16916361358028223,
  "w_emissions": 0.44494589289704795,
  "w_reliability": 0.24213225841495253,
  "w_social": 0.1437582351077172
}