cost,emissions,reliability,social
0.1691636136,0.4449458929,0.2421322584,0.1437582351
