cost,emissions,reliability,social
0.2017748198,0.2937101963,0.3532363668,0.1512786172
