{
  "seed": 862815500,
  "objective": 0.0,
  "rho": 1.0,
  "cr": 0.0,
  "w_cost": 0.20177481975389633,
  "w_emissions": 0.2937101962794741,
  "w_reliability": 0.3532363668045722,
  "w_social": 0.15127861716205743
}