cost,emissions,reliability,social
0.2538612725,0.1456531406,0.4182759283,0.1822096587
