objective,rho,cr,score_delta,entropy_diff,critic_diff,merec_diff,lopcow_diff,mean_diff,bayes_diff,seed
0.1055109199,1.0000000000,0.0000000000,1.0916378858,0.1014371199,0.1055109199,0.1119575421,0.1543156158,0.1121046903,0.1749366386,500284664
