{
  "seed": 500284664,
  "objective": 0.10551091993459537,
  "rho": 1.0,
  "cr": 0.0,
  "score_delta": 1.091637885790139,
  "entropy_diff": 0.10143711991578494,
  "critic_diff": 0.10551091993459537,
  "merec_diff": 0.11195754206095868,
  "lopcow_diff": 0.15431561582605002,
  "mean_diff": 0.11210469025396369,
  "bayes_diff": 0.1749366386260947,
  "w_cost": 0.1715800206514802,
  "w_emissions": 0.18516894644944426,
  "w_reliability": 0.5103175562641458,
  "w_social": 0.1329334766349297
}