cost,emissions,reliability,social
0.1715800207,0.1851689464,0.5103175563,0.1329334766
