cost,emissions,reliability,social
0.0662795191,0.0282756704,0.2160976671,0.6893471435
