cost,emissions,reliability,social
0.4627523093,0.1904681457,0.2190221635,0.1277573815
