objective,rho,cr,score_delta,entropy_diff,critic_diff,merec_diff,lopcow_diff,mean_diff,bayes_diff,seed
0.0292664322,1.0000000000,0.0000000000,0.1436166301,0.0959635158,0.1054840664,0.0946704811,0.1653740877,0.1146927378,0.0292664322,34692964
