{
  "seed": 34692964,
  "objective": 0.02926643217019049,
  "rho": 1.0,
  "cr": 0.0,
  "score_delta": 0.14361663011610618,
  "entropy_diff": 0.09596351577720202,
  "critic_diff": 0.10548406644063037,
  "merec_diff": 0.09467048110765636,
  "lopcow_diff": 0.16537408770299053,
  "mean_diff": 0.11469273782408607,
  "bayes_diff": 0.02926643217019049,
  "w_cost": 0.46275230931723643,
  "w_emissions": 0.19046814567828205,
  "w_reliability": 0.21902216350979653,
  "w_social": 0.12775738149468494
}