objective,rho,cr,score_delta,entropy_diff,critic_diff,merec_diff,lopcow_diff,mean_diff,bayes_diff,seed
0.1054840664,1.0000000000,0.0000000000,0.3997942280,0.1001109757,0.1054840664,0.1027599686,0.0863947435,0.1071428571,0.1443296803,556173155
