cost,emissions,reliability,social
0.1742892169,0.3455286830,0.1957553100,0.2844267901
