{
  "seed": 556173155,
  "objective": 0.10548406644063034,
  "rho": 1.0,
  "cr": 1.1102230246251565e-16,
  "score_delta": 0.39979422795011155,
  "entropy_diff": 0.10011097574186122,
  "critic_diff": 0.10548406644063034,
  "merec_diff": 0.10275996856208086,
  "lopcow_diff": 0.08639474349435067,
  "mean_diff": 0.1071428571428571,
  "bayes_diff": 0.14432968025480006,
  "w_cost": 0.1742892169217046,
  "w_emissions": 0.3455286829819509,
  "w_reliability": 0.19575531001440558,
  "w_social": 0.28442679008193883
}