{
  "seed": 346158237,
  "objective": 0.10551091993459535,
  "rho": 1.0,
  "cr": 2.220446049250313e-16,
  "score_delta": 0.5772696332135104,
  "entropy_diff": 0.10257226397914974,
  "critic_diff": 0.10551091993459535,
  "merec_diff": 0.10529735829999635,
  "lopcow_diff": 0.157099956758887,
  "mean_diff": 0.11550303273223417,
  "bayes_diff": 0.16080928234906794,
  "w_cost": 0.16930973252475057,
  "w_emissions": 0.5150403960082861,
  "w_reliability": 0.18951307978857448,
  "w_social": 0.1261367916783887
}