objective,rho,cr,score_delta,entropy_diff,critic_diff,merec_diff,lopcow_diff,mean_diff,bayes_diff,seed
0.1055109199,1.0000000000,0.0000000000,0.5772696332,0.1025722640,0.1055109199,0.1052973583,0.1570999568,0.1155030327,0.1608092823,346158237
