cost,emissions,reliability,social
0.1693097325,0.5150403960,0.1895130798,0.1261367917
