objective,rho,cr,score_delta,entropy_diff,critic_diff,merec_diff,lopcow_diff,mean_diff,bayes_diff,seed
0.1055109199,1.0000000000,0.0000000000,0.5880422706,0.1026406236,0.1055109199,0.1053657179,0.1222968365,0.1071428571,0.1468228493,315047630
