cost,emissions,reliability,social
0.1691730133,0.4455708746,0.2290847825,0.1561713296
