{
  "seed": 801959002,
  "objective": 0.0,
  "rho": 1.0,
  "cr": 0.0,
  "w_cost": 0.17597053583008757,
  "w_emissions": 0.49769923813488093,
  "w_reliability": 0.13682573566112377,
  "w_social": 0.18950449037390774
}