cost,emissions,reliability,social
0.1759705358,0.4976992381,0.1368257357,0.1895044904
