cost,emissions,reliability,social
0.4628120843,0.2287551671,0.1658266283,0.1426061202
