objective,rho,cr,score_delta,entropy_diff,critic_diff,merec_diff,lopcow_diff,mean_diff,bayes_diff,seed
0.0058234422,0.8750000000,0.0000000000,15913089.1664265655,0.0959767869,0.1055109199,0.0895724004,0.1648693925,0.1072683685,0.0058234422,490422562
