cost,emissions,reliability,social
0.1686014696,0.3272700032,0.1470069180,0.3571216092
