objective,rho,cr,score_delta,entropy_diff,critic_diff,merec_diff,lopcow_diff,mean_diff,bayes_diff,seed
0.1054840664,1.0000000000,0.0000000000,0.4740368797,0.1029548494,0.1054840664,0.1056038422,0.1107689395,0.1071428571,0.1539147445,370459705
