{
  "seed": 370459705,
  "objective": 0.10548406644063038,
  "rho": 1.0,
  "cr": 0.0,
  "score_delta": 0.4740368796908078,
  "entropy_diff": 0.10295484938892138,
  "critic_diff": 0.10548406644063038,
  "merec_diff": 0.10560384220914104,
  "lopcow_diff": 0.11076893952280761,
  "mean_diff": 0.10714285714285714,
  "bayes_diff": 0.1539147445078221,
  "w_cost": 0.16860146962758435,
  "w_emissions": 0.32727000324201133,
  "w_reliability": 0.1470069179574918,
  "w_social": 0.3571216091729126
}