objective,rho,cr,score_delta,entropy_diff,critic_diff,merec_diff,lopcow_diff,mean_diff,bayes_diff,seed
0.0895724004,1.0000000000,0.0000000000,0.2079600229,0.0959767869,0.1055109199,0.0895724004,0.1325339988,0.1071428571,0.0493081653,244108560
