cost,emissions,reliability,social
0.3792737332,0.2106138987,0.2590606095,0.1510517585
