cost,emissions,reliability,social
0.1685388702,0.2697928731,0.1717287929,0.3899394638
