objective,rho,cr,score_delta,entropy_diff,critic_diff,merec_diff,lopcow_diff,mean_diff,bayes_diff,seed
0.1055109199,1.0000000000,0.0000000000,0.4548391059,0.1029576951,0.1055109199,0.1056827895,0.0978963070,0.1071428571,0.1471399209,764667273
