{
  "seed": 764667273,
  "objective": 0.10551091993459538,
  "rho": 1.0,
  "cr": 1.1102230246251565e-16,
  "score_delta": 0.45483910587922693,
  "entropy_diff": 0.10295769514671908,
  "critic_diff": 0.10551091993459538,
  "merec_diff": 0.10568278946756568,
  "lopcow_diff": 0.09789630703531937,
  "mean_diff": 0.1071428571428571,
  "bayes_diff": 0.14713992088713979,
  "w_cost": 0.16853887018961192,
  "w_emissions": 0.26979287307986644,
  "w_reliability": 0.17172879293814478,
  "w_social": 0.38993946379237676
}