{
  "seed": 278075545,
  "objective": 0.09596351577720202,
  "rho": 1.0,
  "cr": 0.0,
  "score_delta": 0.3817516394582129,
  "entropy_diff": 0.09596351577720202,
  "critic_diff": 0.10548406644063035,
  "merec_diff": 0.09858428018576429,
  "lopcow_diff": 0.07802216708226765,
  "mean_diff": 0.1071428571428571,
  "bayes_diff": 0.14015399187848349,
  "w_cost": 0.18264059367433777,
  "w_emissions": 0.3446008087996419,
  "w_reliability": 0.2241365432284463,
  "w_social": 0.24862205429757395
}