cost,emissions,reliability,social
0.1826405937,0.3446008088,0.2241365432,0.2486220543
