cost,emissions,reliability,social
0.1686690213,0.4400176185,0.2582314392,0.1330819210
