{
  "seed": 411562256,
  "objective": 0.10548406644063033,
  "rho": 1.0,
  "cr": 1.1102230246251565e-16,
  "score_delta": 0.413575645185981,
  "entropy_diff": 0.1029210735526759,
  "critic_diff": 0.10548406644063033,
  "merec_diff": 0.10557006637289557,
  "lopcow_diff": 0.1266920665862371,
  "mean_diff": 0.1120304680711984,
  "bayes_diff": 0.1576033481376515,
  "w_cost": 0.16866902130007516,
  "w_emissions": 0.44001761852993315,
  "w_reliability": 0.2582314391695313,
  "w_social": 0.13308192100046023
}