objective,rho,cr,score_delta,entropy_diff,critic_diff,merec_diff,lopcow_diff,mean_diff,bayes_diff,seed
0.1054840664,1.0000000000,0.0000000000,0.4135756452,0.1029210736,0.1054840664,0.1055700664,0.1266920666,0.1120304681,0.1576033481,411562256
