cost,emissions,reliability,social
0.1826676854,0.4785948094,0.1318408416,0.2068966635
