{
  "seed": 845147323,
  "objective": 0.09597678692397074,
  "rho": 1.0,
  "cr": 0.0,
  "score_delta": 0.507962305431771,
  "entropy_diff": 0.09597678692397074,
  "critic_diff": 0.10551091993459538,
  "merec_diff": 0.09861838186449216,
  "lopcow_diff": 0.14555613989580662,
  "mean_diff": 0.11265100774794443,
  "bayes_diff": 0.1543772319665603,
  "w_cost": 0.18266768539575895,
  "w_emissions": 0.47859480941111704,
  "w_reliability": 0.13184084164696827,
  "w_social": 0.2068966635461557
}