objective,rho,cr,score_delta,entropy_diff,critic_diff,merec_diff,lopcow_diff,mean_diff,bayes_diff,seed
0.0959767869,1.0000000000,0.0000000000,0.5079623054,0.0959767869,0.1055109199,0.0986183819,0.1455561399,0.1126510077,0.1543772320,845147323
