cost,emissions,reliability,social
0.4629264243,0.2453728269,0.2051468824,0.0865538663
