objective,rho,cr,score_delta,entropy_diff,critic_diff,merec_diff,lopcow_diff,mean_diff,bayes_diff,seed
0.0337386740,1.0000000000,0.0000000000,4293094.2354974616,0.1154297545,0.1224573450,0.1063678951,0.1685510915,0.1352944954,0.0337386740,579364553
