cost,emissions,reliability,social
0.4628188525,0.2200342599,0.1265646527,0.1905822349
