objective,rho,cr,score_delta,entropy_diff,critic_diff,merec_diff,lopcow_diff,mean_diff,bayes_diff,seed
0.0181679992,0.8750000000,0.0000000000,31100900.4854038917,0.0959767869,0.1055109199,0.0895724004,0.1648727766,0.1152891022,0.0181679992,926464962
