objective,rho,cr,score_delta,entropy_diff,critic_diff,merec_diff,lopcow_diff,mean_diff,bayes_diff,seed
0.0959767869,1.0000000000,0.0000000000,0.2073817172,0.0959767869,0.1055109199,0.0979104571,0.1380810494,0.1071428571,0.0570353079,310234569
