cost,emissions,reliability,social
0.1825023173,0.1890100445,0.4725717803,0.1559158579
