cost,emissions,reliability,social
0.3871552395,0.1840834888,0.2622732045,0.1664880672
