cost,emissions,reliability,social
0.7013164185,0.0684823245,0.0334121961,0.1967890609
