cost,emissions,reliability,social
0.1693641412,0.4055612939,0.2764520360,0.1486225289
