objective,rho,cr,score_delta,entropy_diff,critic_diff,merec_diff,lopcow_diff,mean_diff,bayes_diff,seed
0.1055109199,1.0000000000,0.0000000000,0.6477884000,0.1025450596,0.1055109199,0.1052701539,0.1205171051,0.1071428571,0.1495392094,108438292
