{
  "seed": 108438292,
  "objective": 0.10551091993459538,
  "rho": 1.0,
  "cr": 0.0,
  "score_delta": 0.6477883999553526,
  "entropy_diff": 0.1025450596258655,
  "critic_diff": 0.10551091993459538,
  "merec_diff": 0.10527015394671209,
  "lopcow_diff": 0.12051710506660851,
  "mean_diff": 0.1071428571428571,
  "bayes_diff": 0.14953920940844828,
  "w_cost": 0.16936414123131913,
  "w_emissions": 0.4055612938941353,
  "w_reliability": 0.27645203602148605,
  "w_social": 0.1486225288530595
}