cost,emissions,reliability,social
0.1685557997,0.4019889336,0.1820817248,0.2473735419
