objective,rho,cr,score_delta,entropy_diff,critic_diff,merec_diff,lopcow_diff,mean_diff,bayes_diff,seed
0.1054840664,1.0000000000,0.0000000000,0.3786465294,0.1029776843,0.1054840664,0.1056266772,0.0996738325,0.1071428571,0.1471963888,623314870
