{
  "seed": 623314870,
  "objective": 0.10548406644063035,
  "rho": 1.0,
  "cr": 0.0,
  "score_delta": 0.3786465294368061,
  "entropy_diff": 0.10297768433330123,
  "critic_diff": 0.10548406644063035,
  "merec_diff": 0.10562667715352088,
  "lopcow_diff": 0.09967383249131861,
  "mean_diff": 0.10714285714285712,
  "bayes_diff": 0.14719638884624006,
  "w_cost": 0.16855579973882462,
  "w_emissions": 0.401988933553257,
  "w_reliability": 0.18208172477499202,
  "w_social": 0.24737354193292635
}