cost,emissions,reliability,social
0.3931875760,0.2661267449,0.1940512336,0.1466344455
