objective,rho,cr,score_delta,entropy_diff,critic_diff,merec_diff,lopcow_diff,mean_diff,bayes_diff,seed
0.1055109199,1.0000000000,0.0000000000,0.6900993437,0.1029744057,0.1055109199,0.1056995000,0.0942815662,0.1071428571,0.1471566314,844550351
