cost,emissions,reliability,social
0.1685054491,0.3440668069,0.2863341373,0.2010936067
