cost,emissions,reliability,social
0.1831963744,0.2425999930,0.1644079711,0.4097956615
