objective,rho,cr,score_delta,entropy_diff,critic_diff,merec_diff,lopcow_diff,mean_diff,bayes_diff,seed
0.0959767869,1.0000000000,0.0000000000,0.3961539336,0.0959767869,0.1055109199,0.0983540374,0.1015567180,0.1071428571,0.1398111688,780187983
