cost,emissions,reliability,social
0.3557523859,0.2613969157,0.2222516738,0.1605990246
