cost,emissions,reliability,social
0.1685044208,0.4016037996,0.1678909765,0.2620008031
