objective,rho,cr,score_delta,entropy_diff,critic_diff,merec_diff,lopcow_diff,mean_diff,bayes_diff,seed
0.1055109199,1.0000000000,0.0000000000,0.5286653369,0.1029749198,0.1055109199,0.1057000142,0.0999790027,0.1071428571,0.1471571456,893915440
