{
  "seed": 123869774,
  "objective": 0.017507941485395147,
  "rho": 0.875,
  "cr": 1.1102230246251565e-16,
  "score_delta": 31709029.9706326,
  "entropy_diff": 0.09596997960837035,
  "critic_diff": 0.10548406644063034,
  "merec_diff": 0.08954939378098155,
  "lopcow_diff": 0.16582815872836634,
  "mean_diff": 0.11583472047211592,
  "bayes_diff": 0.017507941485395147,
  "w_cost": 0.46306183349743163,
  "w_emissions": 0.23979155226874538,
  "w_reliability": 0.12547341619862526,
  "w_social": 0.17167319803519768
}