objective,rho,cr,score_delta,entropy_diff,critic_diff,merec_diff,lopcow_diff,mean_diff,bayes_diff,seed
0.0175079415,0.8750000000,0.0000000000,31709029.9706326015,0.0959699796,0.1054840664,0.0895493938,0.1658281587,0.1158347205,0.0175079415,123869774
