cost,emissions,reliability,social
0.4630618335,0.2397915523,0.1254734162,0.1716731980
