objective,rho,cr,score_delta,entropy_diff,critic_diff,merec_diff,lopcow_diff,mean_diff,bayes_diff,seed
0.1054840664,1.0000000000,0.0000000000,0.3904619930,0.1022761323,0.1054840664,0.1049251252,0.1041481806,0.1071428571,0.1464948368,239878021
