cost,emissions,reliability,social
0.1699589037,0.2567791570,0.3950922463,0.1781696929
