{
  "seed": 239878021,
  "objective": 0.10548406644063034,
  "rho": 1.0,
  "cr": 1.1102230246251565e-16,
  "score_delta": 0.39046199301487006,
  "entropy_diff": 0.10227613233561118,
  "critic_diff": 0.10548406644063034,
  "merec_diff": 0.10492512515583083,
  "lopcow_diff": 0.10414818061502434,
  "mean_diff": 0.10714285714285708,
  "bayes_diff": 0.14649483684855005,
  "w_cost": 0.16995890373420464,
  "w_emissions": 0.2567791570209572,
  "w_reliability": 0.3950922463019523,
  "w_social": 0.17816969294288573
}