cost,emissions,reliability,social
0.3556390890,0.2944129996,0.0568571024,0.2930908090
