{
  "seed": 488607811,
  "objective": 0.0,
  "rho": 1.0,
  "cr": 0.0,
  "w_cost": 0.3556390890128136,
  "w_emissions": 0.2944129995620203,
  "w_reliability": 0.05685710239334091,
  "w_social": 0.2930908090318251
}