objective,rho,cr,score_delta,entropy_diff,critic_diff,merec_diff,lopcow_diff,mean_diff,bayes_diff,seed
0.0158804069,0.8750000000,0.0000000000,30422359.3295117058,0.0959635158,0.1054840664,0.0895493938,0.1643737766,0.1131087408,0.0158804069,916348019
