cost,emissions,reliability,social
0.4607516872,0.2344564422,0.1309253756,0.1738664951
