{
  "seed": 916348019,
  "objective": 0.015880406910894908,
  "rho": 0.875,
  "cr": 2.220446049250313e-16,
  "score_delta": 30422359.329511706,
  "entropy_diff": 0.09596351577720208,
  "critic_diff": 0.1054840664406304,
  "merec_diff": 0.08954939378098159,
  "lopcow_diff": 0.16437377663640407,
  "mean_diff": 0.1131087407739951,
  "bayes_diff": 0.015880406910894908,
  "w_cost": 0.4607516871840636,
  "w_emissions": 0.23445644215874967,
  "w_reliability": 0.130925375594867,
  "w_social": 0.17386649506231983
}