objective,rho,cr,score_delta,entropy_diff,critic_diff,merec_diff,lopcow_diff,mean_diff,bayes_diff,seed
0.1055109199,1.0000000000,0.0000000000,0.9969265381,0.1029268745,0.1055109199,0.1056519689,0.1191040892,0.1071428571,0.1522406341,352743231
