{
  "seed": 352743231,
  "objective": 0.1055109199345954,
  "rho": 1.0,
  "cr": 0.0,
  "score_delta": 0.9969265381034365,
  "entropy_diff": 0.10292687454607177,
  "critic_diff": 0.1055109199345954,
  "merec_diff": 0.10565196886691838,
  "lopcow_diff": 0.11910408918663129,
  "mean_diff": 0.10714285714285712,
  "bayes_diff": 0.15224063408612223,
  "w_cost": 0.16860051139090657,
  "w_emissions": 0.21222756448750887,
  "w_reliability": 0.44287401224588197,
  "w_social": 0.17629791187570262
}