cost,emissions,reliability,social
0.1686005114,0.2122275645,0.4428740122,0.1762979119
