cost,emissions,reliability,social
0.1825125987,0.3321815346,0.3382186869,0.1470871799
