{
  "seed": 359646891,
  "objective": 0.09597678692397073,
  "rho": 1.0,
  "cr": 0.0,
  "score_delta": 0.7516862138644355,
  "entropy_diff": 0.09597678692397073,
  "critic_diff": 0.10551091993459538,
  "merec_diff": 0.09869592522866735,
  "lopcow_diff": 0.1212847795632152,
  "mean_diff": 0.1071428571428571,
  "bayes_diff": 0.14373265518701023,
  "w_cost": 0.18251259866740857,
  "w_emissions": 0.332181534557816,
  "w_reliability": 0.33821868691492923,
  "w_social": 0.1470871798598461
}