{
  "seed": 301927391,
  "objective": 0.09596351577720204,
  "rho": 1.0,
  "cr": 0.0,
  "score_delta": 0.43871967104857557,
  "entropy_diff": 0.09596351577720204,
  "critic_diff": 0.10548406644063035,
  "merec_diff": 0.09860507694759138,
  "lopcow_diff": 0.11541858894914205,
  "mean_diff": 0.1097176190190171,
  "bayes_diff": 0.15156562867260692,
  "w_cost": 0.18259900015068362,
  "w_emissions": 0.3432584059138202,
  "w_reliability": 0.1377076191048229,
  "w_social": 0.33643497483067325
}