objective,rho,cr,score_delta,entropy_diff,critic_diff,merec_diff,lopcow_diff,mean_diff,bayes_diff,seed
0.0959635158,1.0000000000,0.0000000000,0.4387196710,0.0959635158,0.1054840664,0.0986050769,0.1154185889,0.1097176190,0.1515656287,301927391
