cost,emissions,reliability,social
0.1825990002,0.3432584059,0.1377076191,0.3364349748
