cost,emissions,reliability,social
0.1667804667,0.0316027576,0.0126307069,0.7889860689
