cost,emissions,reliability,social
0.4514612520,0.2542589058,0.1705606524,0.1237191898
