objective,rho,cr,score_delta,entropy_diff,critic_diff,merec_diff,lopcow_diff,mean_diff,bayes_diff,seed
0.0895724004,1.0000000000,0.0000000000,12845510.2100604810,0.0969459498,0.1055109199,0.0895724004,0.1677849714,0.1167118337,0.0209423235,72912624
