cost,emissions,reliability,social
0.3466283170,0.1401461557,0.4005794598,0.1126460675
