{
  "seed": 969604544,
  "objective": 0.0,
  "rho": 1.0,
  "cr": 0.0,
  "w_cost": 0.34662831695224294,
  "w_emissions": 0.14014615569749958,
  "w_reliability": 0.4005794598161615,
  "w_social": 0.11264606753409598
}