{
  "seed": 764312460,
  "objective": 0.10551091993459535,
  "rho": 1.0,
  "cr": 2.220446049250313e-16,
  "score_delta": 0.7592353448088627,
  "entropy_diff": 0.10289418528395808,
  "critic_diff": 0.10551091993459535,
  "merec_diff": 0.11343357748361313,
  "lopcow_diff": 0.08963713521001936,
  "mean_diff": 0.1071428571428571,
  "bayes_diff": 0.16575622389752215,
  "w_cost": 0.1686658899151339,
  "w_emissions": 0.18513100634048163,
  "w_reliability": 0.2877829413340026,
  "w_social": 0.3584201624103817
}