objective,rho,cr,score_delta,entropy_diff,critic_diff,merec_diff,lopcow_diff,mean_diff,bayes_diff,seed
0.1055109199,1.0000000000,0.0000000000,0.7592353448,0.1028941853,0.1055109199,0.1134335775,0.0896371352,0.1071428571,0.1657562239,764312460
