cost,emissions,reliability,social
0.1686658899,0.1851310063,0.2877829413,0.3584201624
