objective,rho,cr,score_delta,entropy_diff,critic_diff,merec_diff,lopcow_diff,mean_diff,bayes_diff,seed
0.0270727780,0.8750000000,0.0000000000,25855802.1501713172,0.1082074991,0.1152350895,0.0991456396,0.1779190951,0.1280722399,0.0270727780,151498306
