cost,emissions,reliability,social
0.4618137054,0.2652215532,0.1719663641,0.1009983773
