{
  "seed": 545669528,
  "objective": 0.0,
  "rho": 1.0,
  "cr": 0.0,
  "w_cost": 0.3110014204423381,
  "w_emissions": 0.2585684817608056,
  "w_reliability": 0.3189747411010455,
  "w_social": 0.11145535669581083
}