cost,emissions,reliability,social
0.3110014204,0.2585684818,0.3189747411,0.1114553567
