{
  "seed": 36332180,
  "objective": 0.0,
  "rho": 1.0,
  "cr": 0.0,
  "w_cost": 0.2487994761515892,
  "w_emissions": 0.4422208593874497,
  "w_reliability": 0.1408314537532336,
  "w_social": 0.16814821070772756
}