cost,emissions,reliability,social
0.2487994762,0.4422208594,0.1408314538,0.1681482107
