objective,rho,cr,seed
0.0000000000,1.0000000000,0.0000000000,36332180
