objective,rho,cr,score_delta,entropy_diff,critic_diff,merec_diff,lopcow_diff,mean_diff,bayes_diff,seed
0.1054840664,1.0000000000,0.0000000000,0.3869456844,0.1029473922,0.1054840664,0.1055963850,0.0912520450,0.1071428571,0.1550551808,808349753
