{
  "seed": 808349753,
  "objective": 0.10548406644063034,
  "rho": 1.0,
  "cr": 0.0,
  "score_delta": 0.3869456843571835,
  "entropy_diff": 0.10294739215443438,
  "critic_diff": 0.10548406644063034,
  "merec_diff": 0.10559638497465404,
  "lopcow_diff": 0.09125204496991646,
  "mean_diff": 0.1071428571428571,
  "bayes_diff": 0.1550551808030324,
  "w_cost": 0.1686163840965583,
  "w_emissions": 0.20677489398342755,
  "w_reliability": 0.3882287172721511,
  "w_social": 0.23638000464786296
}