cost,emissions,reliability,social
0.1686163841,0.2067748940,0.3882287173,0.2363800046
