objective,rho,cr,score_delta,entropy_diff,critic_diff,merec_diff,lopcow_diff,mean_diff,bayes_diff,seed
0.0959635158,1.0000000000,0.0000000000,0.4734950213,0.0959635158,0.1054840664,0.1043754090,0.0963939918,0.1071428571,0.1568664916,753353532
