cost,emissions,reliability,social
0.1826026982,0.1891659582,0.2257837896,0.4024475540
