{
  "seed": 753353532,
  "objective": 0.09596351577720205,
  "rho": 1.0,
  "cr": 0.0,
  "score_delta": 0.4734950212711321,
  "entropy_diff": 0.09596351577720205,
  "critic_diff": 0.10548406644063035,
  "merec_diff": 0.10437540895948064,
  "lopcow_diff": 0.0963939917937964,
  "mean_diff": 0.10714285714285712,
  "bayes_diff": 0.15686649161375696,
  "w_cost": 0.18260269821795533,
  "w_emissions": 0.18916595824058147,
  "w_reliability": 0.22578378957312167,
  "w_social": 0.4024475539683415
}