objective,rho,cr,score_delta,entropy_diff,critic_diff,merec_diff,lopcow_diff,mean_diff,bayes_diff,seed
0.1054840664,1.0000000000,0.0000000000,0.5246898750,0.1029629476,0.1054840664,0.1066650402,0.1061809232,0.1071428571,0.1591561228,848560488
