cost,emissions,reliability,social
0.1685852731,0.1986041209,0.1967717642,0.4360388418
