cost,emissions,reliability,social
0.1825322764,0.1971536668,0.2648724447,0.3554416121
