objective,rho,cr,score_delta,entropy_diff,critic_diff,merec_diff,lopcow_diff,mean_diff,bayes_diff,seed
0.0959767869,1.0000000000,0.0000000000,0.6657281414,0.0959767869,0.1055109199,0.1004890540,0.0836258050,0.1071428571,0.1528117004,786836674
