{
  "seed": 786836674,
  "objective": 0.09597678692397073,
  "rho": 1.0,
  "cr": 2.220446049250313e-16,
  "score_delta": 0.6657281414482441,
  "entropy_diff": 0.09597678692397073,
  "critic_diff": 0.10551091993459537,
  "merec_diff": 0.10048905399837338,
  "lopcow_diff": 0.08362580495612881,
  "mean_diff": 0.1071428571428571,
  "bayes_diff": 0.15281170041228237,
  "w_cost": 0.18253227637783231,
  "w_emissions": 0.19715366684826274,
  "w_reliability": 0.2648724446882856,
  "w_social": 0.35544161208561925
}