cost,emissions,reliability,social
0.1685301414,0.2999907598,0.2664349198,0.2650441790
