objective,rho,cr,score_delta,entropy_diff,critic_diff,merec_diff,lopcow_diff,mean_diff,bayes_diff,seed
0.1055109199,1.0000000000,0.0000000000,0.6697472094,0.1029620596,0.1055109199,0.1056871539,0.0636641805,0.1071428571,0.1471442853,702812878
