{
  "seed": 702812878,
  "objective": 0.10551091993459538,
  "rho": 1.0,
  "cr": 0.0,
  "score_delta": 0.6697472093873161,
  "entropy_diff": 0.10296205956051947,
  "critic_diff": 0.10551091993459538,
  "merec_diff": 0.10568715388136606,
  "lopcow_diff": 0.06366418050516144,
  "mean_diff": 0.10714285714285712,
  "bayes_diff": 0.14714428530094015,
  "w_cost": 0.1685301413620112,
  "w_emissions": 0.2999907598321554,
  "w_reliability": 0.2664349198027947,
  "w_social": 0.26504417900303867
}