{
  "seed": 159585355,
  "objective": 0.0,
  "rho": 1.0,
  "cr": 0.0,
  "w_cost": 0.2112673446673254,
  "w_emissions": 0.33903794960399813,
  "w_reliability": 0.0,
  "w_social": 0.4496947057286764
}