cost,emissions,reliability,social
0.1828688517,0.2809657674,0.2611937767,0.2749716042
